,crop_name,crop_num,high,low,market_name,market_num,mean,medium,volume,year,month,day,dayofweek
0,榴槤-進口,859,75.0,75.0,三重區,241,75.0,75.0,1320.0,2012,3,29,3
1,榴槤-進口,859,83.3,83.3,三重區,241,83.3,83.3,540.0,2012,3,30,4
2,榴槤-進口,859,80.0,75.0,三重區,241,77.5,77.5,3952.0,2012,4,1,6
3,榴槤-進口,859,80.4,75.0,三重區,241,76.1,75.0,11974.0,2012,4,6,4
4,榴槤-進口,859,75.0,75.0,三重區,241,75.0,75.0,9228.0,2012,4,8,6
5,榴槤-進口,859,82.4,70.9,三重區,241,76.0,75.6,22434.0,2012,4,10,1
6,榴槤-進口,859,79.0,73.5,三重區,241,75.5,75.0,2506.0,2012,4,11,2
7,榴槤-進口,859,75.0,75.0,三重區,241,75.0,75.0,8148.0,2012,4,12,3
8,榴槤-進口,859,82.6,75.0,三重區,241,77.1,76.0,26656.0,2012,4,13,4
9,榴槤-進口,859,76.5,75.0,三重區,241,75.3,75.0,20698.0,2012,4,14,5
10,榴槤-進口,859,80.9,74.5,三重區,241,76.1,75.0,10782.0,2012,4,15,6
11,榴槤-進口,859,81.2,75.0,三重區,241,76.2,75.0,28400.0,2012,4,17,1
12,榴槤-進口,859,78.6,66.7,三重區,241,70.2,68.5,5766.0,2012,4,18,2
13,榴槤-進口,859,71.7,66.7,三重區,241,67.7,66.7,19418.0,2012,4,19,3
14,榴槤-進口,859,66.7,66.7,三重區,241,66.7,66.7,3828.0,2012,4,20,4
15,榴槤-進口,859,72.6,66.7,三重區,241,67.9,66.7,34344.0,2012,4,21,5
16,榴槤-進口,859,69.5,66.7,三重區,241,67.2,66.7,26000.0,2012,4,22,6
17,榴槤-進口,859,74.1,66.7,三重區,241,68.2,66.7,29000.0,2012,4,24,1
18,榴槤-進口,859,67.9,66.7,三重區,241,66.9,66.7,3290.0,2012,4,25,2
19,榴槤-進口,859,73.8,66.7,三重區,241,68.1,66.7,16998.0,2012,4,26,3
20,榴槤-進口,859,77.8,66.7,三重區,241,72.8,73.1,4788.0,2012,4,27,4
21,榴槤-進口,859,71.8,66.7,三重區,241,67.7,66.7,59796.0,2012,4,28,5
22,榴槤-進口,859,70.6,66.7,三重區,241,67.5,66.7,23400.0,2012,4,29,6
23,榴槤-進口,859,75.7,66.7,三重區,241,68.5,66.7,45294.0,2012,5,1,1
24,榴槤-進口,859,76.8,66.7,三重區,241,69.0,67.2,4124.0,2012,5,2,2
25,榴槤-進口,859,73.5,66.7,三重區,241,68.0,66.7,27030.0,2012,5,3,3
26,榴槤-進口,859,70.9,66.7,三重區,241,67.5,66.7,41456.0,2012,5,4,4
27,榴槤-進口,859,83.8,66.7,三重區,241,70.2,66.9,13030.0,2012,5,5,5
28,榴槤-進口,859,67.2,66.7,三重區,241,66.8,66.7,19314.0,2012,5,6,6
29,榴槤-進口,859,77.7,66.0,三重區,241,68.8,66.8,47006.0,2012,5,8,1
30,榴槤-進口,859,68.8,66.7,三重區,241,67.1,66.7,11706.0,2012,5,9,2
31,榴槤-進口,859,66.7,66.7,三重區,241,66.7,66.7,6390.0,2012,5,10,3
32,榴槤-進口,859,69.0,66.7,三重區,241,67.2,66.7,58542.0,2012,5,11,4
33,榴槤-進口,859,67.8,66.7,三重區,241,66.9,66.7,22340.0,2012,5,12,5
34,榴槤-進口,859,67.9,66.7,三重區,241,66.9,66.7,25972.0,2012,5,13,6
35,榴槤-進口,859,67.3,66.7,三重區,241,66.8,66.7,39584.0,2012,5,15,1
36,榴槤-進口,859,66.7,66.7,三重區,241,66.7,66.7,10710.0,2012,5,16,2
37,榴槤-進口,859,67.2,62.5,三重區,241,63.6,62.8,17450.0,2012,5,17,3
38,榴槤-進口,859,71.7,62.5,三重區,241,64.4,62.5,6660.0,2012,5,18,4
39,榴槤-進口,859,66.1,62.5,三重區,241,63.2,62.5,30804.0,2012,5,19,5
40,榴槤-進口,859,66.4,62.5,三重區,241,63.3,62.5,5470.0,2012,5,20,6
41,榴槤-進口,859,67.4,62.5,三重區,241,63.9,63.1,13994.0,2012,5,22,1
42,榴槤-進口,859,64.5,62.5,三重區,241,62.9,62.5,17470.0,2012,5,23,2
43,榴槤-進口,859,66.7,62.5,三重區,241,64.0,63.6,14798.0,2012,5,24,3
44,榴槤-進口,859,63.4,62.5,三重區,241,62.7,62.5,7352.0,2012,5,25,4
45,榴槤-進口,859,67.8,62.5,三重區,241,63.6,62.5,27044.0,2012,5,26,5
46,榴槤-進口,859,66.4,62.5,三重區,241,63.3,62.5,5080.0,2012,5,27,6
47,榴槤-進口,859,66.7,54.8,三重區,241,61.9,62.7,19224.0,2012,5,29,1
48,榴槤-進口,859,64.3,62.5,三重區,241,62.9,62.5,6348.0,2012,5,30,2
49,榴槤-進口,859,66.7,62.5,三重區,241,63.9,63.5,11700.0,2012,5,31,3
50,榴槤-進口,859,65.3,62.5,三重區,241,63.1,62.5,8694.0,2012,6,1,4
51,榴槤-進口,859,65.8,62.5,三重區,241,63.2,62.5,7350.0,2012,6,2,5
52,榴槤-進口,859,64.8,62.5,三重區,241,63.0,62.5,4980.0,2012,6,3,6
53,榴槤-進口,859,65.9,62.5,三重區,241,63.2,62.5,10858.0,2012,6,5,1
54,榴槤-進口,859,62.5,62.5,三重區,241,62.5,62.5,1380.0,2012,6,7,3
55,榴槤-進口,859,62.5,62.5,三重區,241,62.5,62.5,2040.0,2012,6,8,4
56,榴槤-進口,859,62.5,62.5,三重區,241,62.5,62.5,3300.0,2012,6,9,5
57,榴槤-進口,859,62.5,62.5,三重區,241,62.5,62.5,1980.0,2012,6,10,6
58,榴槤-進口,859,62.5,62.5,三重區,241,62.5,62.5,5148.0,2012,6,12,1
59,榴槤-進口,859,62.5,62.5,三重區,241,62.5,62.5,900.0,2012,6,14,3
60,榴槤-進口,859,62.5,62.5,三重區,241,62.5,62.5,480.0,2012,6,16,5
61,榴槤-進口,859,62.5,62.5,三重區,241,62.5,62.5,2736.0,2012,6,17,6
62,榴槤-進口,859,66.7,62.5,三重區,241,64.3,64.2,5118.0,2012,6,20,2
63,榴槤-進口,859,66.7,66.7,三重區,241,66.7,66.7,900.0,2012,6,21,3
64,榴槤-進口,859,66.7,62.5,三重區,241,64.3,64.2,8370.0,2012,6,22,4
65,榴槤-進口,859,62.5,62.5,三重區,241,62.5,62.5,2220.0,2012,6,23,5
66,榴槤-進口,859,65.3,62.5,三重區,241,63.1,62.5,4092.0,2012,6,26,1
67,榴槤-進口,859,62.5,62.5,三重區,241,62.5,62.5,240.0,2012,6,29,4
68,榴槤-進口,859,66.7,62.5,三重區,241,63.4,62.6,4920.0,2012,7,24,1
69,榴槤-進口,859,77.8,75.0,三重區,241,77.2,77.7,1140.0,2012,7,28,5
70,榴槤-進口,859,77.8,73.0,三重區,241,75.3,75.2,7428.0,2012,7,31,1
71,榴槤-進口,859,75.0,75.0,三重區,241,75.0,75.0,240.0,2012,8,1,2
72,榴槤-進口,859,75.0,71.6,三重區,241,74.3,75.0,2220.0,2012,8,2,3
73,榴槤-進口,859,77.5,75.0,三重區,241,75.5,75.0,7920.0,2012,8,4,5
74,榴槤-進口,859,75.0,70.0,三重區,241,72.1,71.8,860.0,2012,8,5,6
75,榴槤-進口,859,76.0,73.9,三重區,241,75.0,75.0,15496.0,2012,8,7,1
76,榴槤-進口,859,66.7,60.0,三重區,241,64.1,64.6,780.0,2012,8,8,2
77,榴槤-進口,859,66.7,60.0,三重區,241,65.3,66.7,8540.0,2012,8,9,3
78,榴槤-進口,859,66.7,66.7,三重區,241,66.7,66.7,8280.0,2012,8,10,4
79,榴槤-進口,859,66.7,61.1,三重區,241,65.6,66.7,5980.0,2012,8,11,5
80,榴槤-進口,859,66.7,61.0,三重區,241,65.5,66.7,11780.0,2012,8,12,6
81,榴槤-進口,859,66.7,64.8,三重區,241,66.3,66.7,8984.0,2012,8,14,1
82,榴槤-進口,859,66.7,66.7,三重區,241,66.7,66.7,3360.0,2012,8,15,2
83,榴槤-進口,859,66.7,66.7,三重區,241,66.7,66.7,1224.0,2012,8,16,3
84,榴槤-進口,859,66.7,66.7,三重區,241,66.7,66.7,10020.0,2012,8,17,4
85,榴槤-進口,859,66.7,66.7,三重區,241,66.7,66.7,1650.0,2012,8,18,5
86,榴槤-進口,859,66.7,66.7,三重區,241,66.7,66.7,4848.0,2012,8,19,6
87,榴槤-進口,859,66.7,58.3,三重區,241,61.3,60.6,3000.0,2012,8,21,1
88,榴槤-進口,859,66.9,58.3,三重區,241,64.1,65.1,6812.0,2012,8,22,2
89,榴槤-進口,859,66.7,58.3,三重區,241,60.8,59.6,5580.0,2012,8,23,3
90,榴槤-進口,859,66.7,58.3,三重區,241,61.7,61.1,7554.0,2012,8,24,4
91,榴槤-進口,859,66.7,58.3,三重區,241,61.9,61.5,840.0,2012,8,26,6
92,榴槤-進口,859,65.2,58.3,三重區,241,59.7,58.3,17400.0,2012,8,28,1
93,榴槤-進口,859,58.3,58.3,三重區,241,58.3,58.3,7224.0,2012,8,29,2
94,榴槤-進口,859,66.7,58.3,三重區,241,61.1,60.1,4920.0,2012,8,30,3
95,榴槤-進口,859,58.3,58.3,三重區,241,58.3,58.3,8460.0,2012,8,31,4
96,榴槤-進口,859,66.7,58.3,三重區,241,60.2,58.7,8016.0,2012,9,1,5
97,榴槤-進口,859,58.3,58.3,三重區,241,58.3,58.3,14760.0,2012,9,5,2
98,榴槤-進口,859,66.7,58.3,三重區,241,61.1,60.1,3582.0,2012,9,7,4
99,榴槤-進口,859,66.7,58.3,三重區,241,60.6,59.4,5862.0,2012,9,8,5
100,榴槤-進口,859,66.7,66.7,三重區,241,66.7,66.7,2520.0,2012,9,9,6
101,榴槤-進口,859,65.8,58.3,三重區,241,59.8,58.3,14490.0,2012,9,11,1
102,榴槤-進口,859,65.9,58.3,三重區,241,59.8,58.3,4980.0,2012,9,12,2
103,榴槤-進口,859,66.7,58.3,三重區,241,64.2,65.3,3582.0,2012,9,13,3
104,榴槤-進口,859,58.3,58.3,三重區,241,58.3,58.3,12276.0,2012,9,14,4
105,榴槤-進口,859,64.2,58.3,三重區,241,59.5,58.3,3828.0,2012,9,15,5
106,榴槤-進口,859,58.3,58.3,三重區,241,58.3,58.3,2640.0,2012,9,16,6
107,榴槤-進口,859,60.9,58.3,三重區,241,58.9,58.3,2940.0,2012,9,18,1
108,榴槤-進口,859,58.3,58.3,三重區,241,58.3,58.3,2400.0,2012,9,19,2
109,榴槤-進口,859,66.7,58.3,三重區,241,60.4,59.0,3648.0,2012,9,20,3
110,榴槤-進口,859,66.7,58.3,三重區,241,60.6,59.4,1320.0,2012,9,21,4
111,榴槤-進口,859,62.9,58.3,三重區,241,59.3,58.3,4110.0,2012,9,22,5
112,榴槤-進口,859,58.3,58.3,三重區,241,58.3,58.3,2760.0,2012,9,23,6
113,榴槤-進口,859,66.7,58.3,三重區,241,61.5,60.8,6780.0,2012,9,25,1
114,榴槤-進口,859,66.7,66.7,三重區,241,66.7,66.7,90.0,2012,9,26,2
115,榴槤-進口,859,60.9,58.3,三重區,241,58.8,58.3,2964.0,2012,9,27,3
116,榴槤-進口,859,58.3,58.3,三重區,241,58.3,58.3,360.0,2012,9,28,4
117,榴槤-進口,859,66.7,58.3,三重區,241,64.9,66.5,570.0,2012,9,29,5
118,榴槤-進口,859,58.3,58.3,三重區,241,58.3,58.3,960.0,2012,10,3,2
119,榴槤-進口,859,66.7,58.3,三重區,241,60.7,59.4,5160.0,2012,10,5,4
120,榴槤-進口,859,62.5,58.3,三重區,241,59.2,58.3,3588.0,2012,10,9,1
121,榴槤-進口,859,58.3,58.3,三重區,241,58.3,58.3,60.0,2012,10,11,3
122,榴槤-進口,859,58.3,58.3,三重區,241,58.3,58.3,84.0,2012,10,12,4
123,榴槤-進口,859,55.0,55.0,三重區,241,55.0,55.0,1000.0,2012,10,13,5
124,榴槤-進口,859,130.0,130.0,三重區,241,130.0,130.0,50.0,2012,10,17,2
125,榴槤-進口,859,58.3,58.3,三重區,241,58.3,58.3,1128.0,2012,10,30,1
126,榴槤-進口,859,58.3,58.3,三重區,241,58.3,58.3,1476.0,2012,11,6,1
127,榴槤-進口,859,58.3,58.3,三重區,241,58.3,58.3,60.0,2012,11,7,2
128,榴槤-進口,859,58.3,58.3,三重區,241,58.3,58.3,60.0,2012,11,9,4
129,榴槤-進口,859,58.3,58.3,三重區,241,58.3,58.3,192.0,2012,11,13,1
130,榴槤-進口,859,58.3,58.3,三重區,241,58.3,58.3,132.0,2012,11,14,2
131,榴槤-進口,859,58.3,58.3,三重區,241,58.3,58.3,60.0,2012,11,16,4
132,榴槤-進口,859,58.3,58.3,三重區,241,58.3,58.3,828.0,2012,11,17,5
133,榴槤-進口,859,58.3,57.4,三重區,241,58.2,58.3,700.0,2012,11,18,6
134,榴槤-進口,859,58.3,58.3,三重區,241,58.3,58.3,960.0,2012,11,24,5
135,榴槤-進口,859,58.3,58.3,三重區,241,58.3,58.3,120.0,2012,11,25,6
136,榴槤-進口,859,58.3,58.3,三重區,241,58.3,58.3,1920.0,2012,12,21,4
137,榴槤-進口,859,58.3,58.3,三重區,241,58.3,58.3,684.0,2012,12,22,5
138,榴槤-進口,859,58.3,58.3,三重區,241,58.3,58.3,2280.0,2012,12,25,1
139,榴槤-進口,859,63.7,58.3,三重區,241,59.4,58.3,4224.0,2012,12,29,5
140,榴槤-進口,859,58.3,58.3,三重區,241,58.3,58.3,3840.0,2012,12,30,6
141,榴槤-進口,859,58.3,58.3,三重區,241,58.3,58.3,7080.0,2013,1,1,1
142,榴槤-進口,859,58.3,58.3,三重區,241,58.3,58.3,900.0,2013,1,2,2
143,榴槤-進口,859,58.3,58.3,三重區,241,58.3,58.3,4080.0,2013,1,4,4
144,榴槤-進口,859,58.3,58.3,三重區,241,58.3,58.3,3120.0,2013,1,5,5
145,榴槤-進口,859,58.3,58.3,三重區,241,58.3,58.3,1800.0,2013,1,6,6
146,榴槤-進口,859,63.6,58.3,三重區,241,59.4,58.3,4200.0,2013,1,8,1
147,榴槤-進口,859,63.7,58.3,三重區,241,59.4,58.3,1490.0,2013,1,9,2
148,榴槤-進口,859,80.0,80.0,三重區,241,80.0,80.0,70.0,2013,1,10,3
149,榴槤-進口,859,58.3,58.3,三重區,241,58.3,58.3,1440.0,2013,1,11,4
150,榴槤-進口,859,58.3,58.3,三重區,241,58.3,58.3,3840.0,2013,1,12,5
151,榴槤-進口,859,86.4,58.3,三重區,241,65.3,60.6,320.0,2013,1,13,6
152,榴槤-進口,859,59.8,58.3,三重區,241,58.6,58.3,1988.0,2013,1,15,1
153,榴槤-進口,859,80.0,80.0,三重區,241,80.0,80.0,90.0,2013,1,16,2
154,榴槤-進口,859,84.0,58.3,三重區,241,66.1,62.7,316.0,2013,1,19,5
155,榴槤-進口,859,66.7,66.7,三重區,241,66.7,66.7,2754.0,2013,1,23,2
156,榴槤-進口,859,58.3,58.3,三重區,241,58.3,58.3,1140.0,2013,1,26,5
157,榴槤-進口,859,58.3,58.3,三重區,241,58.3,58.3,960.0,2013,2,2,5
158,榴槤-進口,859,58.3,58.3,三重區,241,58.3,58.3,3000.0,2013,2,6,2
159,榴槤-進口,859,66.7,66.7,三重區,241,66.7,66.7,1080.0,2013,3,31,6
160,榴槤-進口,859,58.3,58.3,三重區,241,58.3,58.3,840.0,2013,4,2,1
161,榴槤-進口,859,66.7,58.3,三重區,241,64.4,65.7,2220.0,2013,4,3,2
162,榴槤-進口,859,65.1,58.3,三重區,241,59.7,58.3,3858.0,2013,4,6,5
163,榴槤-進口,859,58.3,58.3,三重區,241,58.3,58.3,2436.0,2013,4,7,6
164,榴槤-進口,859,66.7,57.4,三重區,241,60.4,59.3,11758.0,2013,4,9,1
165,榴槤-進口,859,83.3,65.3,三重區,241,78.9,81.9,4668.0,2013,4,10,2
166,榴槤-進口,859,83.3,83.3,三重區,241,83.3,83.3,1584.0,2013,4,11,3
167,榴槤-進口,859,83.3,73.1,三重區,241,81.3,83.3,8808.0,2013,4,12,4
168,榴槤-進口,859,83.3,74.1,三重區,241,81.4,83.2,19056.0,2013,4,13,5
169,榴槤-進口,859,83.3,58.3,三重區,241,72.8,74.1,3408.0,2013,4,14,6
170,榴槤-進口,859,83.5,80.1,三重區,241,82.7,83.3,28816.0,2013,4,16,1
171,榴槤-進口,859,71.9,65.1,三重區,241,69.9,70.8,7058.0,2013,4,17,2
172,榴槤-進口,859,70.8,67.6,三重區,241,70.2,70.8,10464.0,2013,4,18,3
173,榴槤-進口,859,70.8,70.6,三重區,241,70.8,70.8,17784.0,2013,4,19,4
174,榴槤-進口,859,66.7,66.7,三重區,241,66.7,66.7,22740.0,2013,4,20,5
175,榴槤-進口,859,66.7,66.7,三重區,241,66.7,66.7,8820.0,2013,4,21,6
176,榴槤-進口,859,66.7,65.5,三重區,241,66.4,66.7,18570.0,2013,4,23,1
177,榴槤-進口,859,66.7,66.7,三重區,241,66.7,66.7,10620.0,2013,4,24,2
178,榴槤-進口,859,66.7,66.7,三重區,241,66.7,66.7,8094.0,2013,4,25,3
179,榴槤-進口,859,66.7,66.7,三重區,241,66.7,66.7,16320.0,2013,4,26,4
180,榴槤-進口,859,66.7,66.7,三重區,241,66.7,66.7,2508.0,2013,4,27,5
181,榴槤-進口,859,66.7,66.7,三重區,241,66.7,66.7,28584.0,2013,4,28,6
182,榴槤-進口,859,66.7,66.7,三重區,241,66.7,66.7,24462.0,2013,4,30,1
183,榴槤-進口,859,66.7,66.7,三重區,241,66.7,66.7,3552.0,2013,5,1,2
184,榴槤-進口,859,66.7,66.7,三重區,241,66.7,66.7,6696.0,2013,5,2,3
185,榴槤-進口,859,66.7,66.7,三重區,241,66.7,66.7,18360.0,2013,5,3,4
186,榴槤-進口,859,66.7,66.7,三重區,241,66.7,66.7,2340.0,2013,5,4,5
187,榴槤-進口,859,91.7,86.9,三重區,241,90.7,91.7,36448.0,2013,5,5,6
188,榴槤-進口,859,91.7,86.7,三重區,241,90.7,91.7,32598.0,2013,5,7,1
189,榴槤-進口,859,91.7,86.9,三重區,241,90.7,91.7,3750.0,2013,5,8,2
190,榴槤-進口,859,91.7,90.1,三重區,241,91.4,91.7,9264.0,2013,5,9,3
191,榴槤-進口,859,91.7,88.8,三重區,241,91.1,91.7,18228.0,2013,5,10,4
192,榴槤-進口,859,91.7,86.3,三重區,241,90.6,91.7,11898.0,2013,5,11,5
193,榴槤-進口,859,91.7,91.5,三重區,241,91.6,91.7,622.0,2013,5,12,6
194,榴槤-進口,859,91.7,83.3,三重區,241,88.4,89.0,3180.0,2013,5,14,1
195,榴槤-進口,859,83.3,83.3,三重區,241,83.3,83.3,810.0,2013,5,15,2
196,榴槤-進口,859,91.7,91.7,三重區,241,91.7,91.7,360.0,2013,5,16,3
197,榴槤-進口,859,83.3,83.3,三重區,241,83.3,83.3,1260.0,2013,5,17,4
198,榴槤-進口,859,83.3,83.3,三重區,241,83.3,83.3,720.0,2013,5,18,5
199,榴槤-進口,859,83.3,83.3,三重區,241,83.3,83.3,360.0,2013,5,22,2
200,榴槤-進口,859,91.7,83.3,三重區,241,86.2,85.4,1380.0,2013,5,24,4
201,榴槤-進口,859,91.7,83.3,三重區,241,86.7,86.1,1500.0,2013,5,30,3
202,榴槤-進口,859,91.7,83.3,三重區,241,89.0,90.0,1692.0,2013,5,31,4
203,榴槤-進口,859,91.7,83.3,三重區,241,86.7,86.1,900.0,2013,6,1,5
204,榴槤-進口,859,91.7,83.3,三重區,241,88.9,89.8,1080.0,2013,6,2,6
205,榴槤-進口,859,91.7,83.3,三重區,241,86.3,85.6,3110.0,2013,6,4,1
206,榴槤-進口,859,83.3,83.3,三重區,241,83.3,83.3,594.0,2013,6,5,2
207,榴槤-進口,859,91.7,83.3,三重區,241,85.1,83.5,3366.0,2013,6,6,3
208,榴槤-進口,859,91.7,85.3,三重區,241,90.4,91.7,8220.0,2013,6,7,4
209,榴槤-進口,859,91.7,83.8,三重區,241,90.1,91.7,16650.0,2013,6,8,5
210,榴槤-進口,859,91.7,91.7,三重區,241,91.7,91.7,960.0,2013,6,9,6
211,榴槤-進口,859,83.3,78.4,三重區,241,82.4,83.3,12410.0,2013,6,11,1
212,榴槤-進口,859,83.3,83.3,三重區,241,83.3,83.3,3552.0,2013,6,12,2
213,榴槤-進口,859,83.3,80.8,三重區,241,82.8,83.3,24636.0,2013,6,15,5
214,榴槤-進口,859,75.0,75.0,三重區,241,75.0,75.0,1440.0,2013,6,16,6
215,榴槤-進口,859,77.7,75.0,三重區,241,75.6,75.0,29460.0,2013,6,18,1
216,榴槤-進口,859,70.0,66.7,三重區,241,67.9,67.5,1670.0,2013,6,19,2
217,榴槤-進口,859,70.6,66.7,三重區,241,67.5,66.7,10940.0,2013,6,20,3
218,榴槤-進口,859,66.7,66.7,三重區,241,66.7,66.7,6204.0,2013,6,21,4
219,榴槤-進口,859,68.5,66.7,三重區,241,67.0,66.7,10740.0,2013,6,22,5
220,榴槤-進口,859,70.0,58.3,三重區,241,61.2,59.3,4048.0,2013,6,23,6
221,榴槤-進口,859,61.9,58.3,三重區,241,59.0,58.3,14196.0,2013,6,25,1
222,榴槤-進口,859,58.3,58.3,三重區,241,58.3,58.3,2736.0,2013,6,26,2
223,榴槤-進口,859,62.7,58.3,三重區,241,59.2,58.3,11044.0,2013,6,27,3
224,榴槤-進口,859,58.3,58.3,三重區,241,58.3,58.3,5136.0,2013,6,28,4
225,榴槤-進口,859,63.7,58.3,三重區,241,59.4,58.3,16972.0,2013,6,29,5
226,榴槤-進口,859,58.3,58.3,三重區,241,58.3,58.3,3072.0,2013,6,30,6
227,榴槤-進口,859,62.8,58.3,三重區,241,59.2,58.3,8340.0,2013,7,2,1
228,榴槤-進口,859,58.3,58.3,三重區,241,58.3,58.3,5160.0,2013,7,3,2
229,榴槤-進口,859,72.2,58.3,三重區,241,61.5,59.1,780.0,2013,7,4,3
230,榴槤-進口,859,58.3,58.3,三重區,241,58.3,58.3,960.0,2013,7,5,4
231,榴槤-進口,859,58.3,58.3,三重區,241,58.3,58.3,360.0,2013,7,6,5
232,榴槤-進口,859,65.9,58.3,三重區,241,59.8,58.3,4992.0,2013,7,9,1
233,榴槤-進口,859,58.3,58.3,三重區,241,58.3,58.3,1944.0,2013,7,10,2
234,榴槤-進口,859,58.3,58.3,三重區,241,58.3,58.3,4560.0,2013,7,11,3
235,榴槤-進口,859,66.6,58.3,三重區,241,60.0,58.3,6924.0,2013,7,12,4
236,榴槤-進口,859,58.3,58.3,三重區,241,58.3,58.3,720.0,2013,7,13,5
237,榴槤-進口,859,58.3,58.3,三重區,241,58.3,58.3,720.0,2013,7,14,6
238,榴槤-進口,859,72.2,58.3,三重區,241,64.3,63.6,1260.0,2013,7,16,1
239,榴槤-進口,859,71.3,58.3,三重區,241,60.9,58.3,2892.0,2013,7,19,4
240,榴槤-進口,859,63.0,58.3,三重區,241,59.3,58.3,8028.0,2013,7,20,5
241,榴槤-進口,859,58.3,37.3,三重區,241,54.1,58.3,4980.0,2013,7,21,6
242,榴槤-進口,859,72.2,58.3,三重區,241,62.4,60.4,3720.0,2013,7,23,1
243,榴槤-進口,859,58.3,58.3,三重區,241,58.3,58.3,72.0,2013,7,24,2
244,榴槤-進口,859,58.3,58.3,三重區,241,58.3,58.3,1440.0,2013,7,25,3
245,榴槤-進口,859,71.7,58.3,三重區,241,61.0,58.3,2808.0,2013,7,26,4
246,榴槤-進口,859,67.0,58.3,三重區,241,60.1,58.3,10092.0,2013,7,27,5
247,榴槤-進口,859,60.8,58.3,三重區,241,58.8,58.3,12156.0,2013,7,30,1
248,榴槤-進口,859,58.3,58.3,三重區,241,58.3,58.3,1800.0,2013,7,31,2
249,榴槤-進口,859,59.0,58.3,三重區,241,58.5,58.3,7788.0,2013,8,1,3
250,榴槤-進口,859,58.3,58.3,三重區,241,58.3,58.3,600.0,2013,8,2,4
251,榴槤-進口,859,64.4,58.3,三重區,241,59.6,58.3,8220.0,2013,8,3,5
252,榴槤-進口,859,58.3,58.3,三重區,241,58.3,58.3,2280.0,2013,8,4,6
253,榴槤-進口,859,58.3,58.3,三重區,241,58.3,58.3,8796.0,2013,8,6,1
254,榴槤-進口,859,62.4,58.3,三重區,241,59.2,58.3,6180.0,2013,8,8,3
255,榴槤-進口,859,58.3,58.3,三重區,241,58.3,58.3,1680.0,2013,8,9,4
256,榴槤-進口,859,58.3,58.3,三重區,241,58.3,58.3,4200.0,2013,8,10,5
257,榴槤-進口,859,58.3,58.3,三重區,241,58.3,58.3,2448.0,2013,8,11,6
258,榴槤-進口,859,66.6,58.3,三重區,241,60.1,58.5,6652.0,2013,8,13,1
259,榴槤-進口,859,58.3,58.3,三重區,241,58.3,58.3,3516.0,2013,8,17,5
260,榴槤-進口,859,58.3,58.3,三重區,241,58.3,58.3,2964.0,2013,8,20,1
261,榴槤-進口,859,58.3,58.3,三重區,241,58.3,58.3,1200.0,2013,8,24,5
262,榴槤-進口,859,58.3,58.3,三重區,241,58.3,58.3,240.0,2013,8,25,6
263,榴槤-進口,859,58.3,58.3,三重區,241,58.3,58.3,2280.0,2013,8,27,1
264,榴槤-進口,859,58.3,58.3,三重區,241,58.3,58.3,5832.0,2013,8,28,2
265,榴槤-進口,859,58.3,58.3,三重區,241,58.3,58.3,2232.0,2013,8,29,3
266,榴槤-進口,859,58.3,58.3,三重區,241,58.3,58.3,480.0,2013,9,3,1
267,榴槤-進口,859,62.8,58.3,三重區,241,59.2,58.3,7370.0,2013,9,6,4
268,榴槤-進口,859,72.2,58.3,三重區,241,65.3,65.3,1440.0,2013,9,7,5
269,榴槤-進口,859,72.2,72.2,三重區,241,72.2,72.2,684.0,2013,9,8,6
270,榴槤-進口,859,68.8,58.3,三重區,241,60.4,58.3,9528.0,2013,9,10,1
271,榴槤-進口,859,58.3,58.3,三重區,241,58.3,58.3,576.0,2013,9,11,2
272,榴槤-進口,859,72.2,58.3,三重區,241,62.1,60.0,330.0,2013,9,12,3
273,榴槤-進口,859,70.5,58.3,三重區,241,60.8,58.5,6830.0,2013,9,13,4
274,榴槤-進口,859,63.7,58.3,三重區,241,59.4,58.3,4680.0,2013,9,14,5
275,榴槤-進口,859,72.2,72.2,三重區,241,72.2,72.2,540.0,2013,9,15,6
276,榴槤-進口,859,58.3,58.3,三重區,241,58.3,58.3,7272.0,2013,9,16,0
277,榴槤-進口,859,68.5,58.3,三重區,241,60.4,58.3,6180.0,2013,9,17,1
278,榴槤-進口,859,58.3,58.3,三重區,241,58.3,58.3,5808.0,2013,9,18,2
279,榴槤-進口,859,58.3,58.3,三重區,241,58.3,58.3,1212.0,2013,9,22,6
280,榴槤-進口,859,58.3,58.3,三重區,241,58.3,58.3,3240.0,2013,9,24,1
281,榴槤-進口,859,72.2,58.3,三重區,241,61.6,59.2,6360.0,2013,9,25,2
282,榴槤-進口,859,72.2,58.3,三重區,241,64.1,63.4,2160.0,2013,9,26,3
283,榴槤-進口,859,58.3,58.3,三重區,241,58.3,58.3,7428.0,2013,9,27,4
284,榴槤-進口,859,72.2,58.3,三重區,241,65.9,66.3,1158.0,2013,9,28,5
285,榴槤-進口,859,58.3,58.3,三重區,241,58.3,58.3,1920.0,2013,9,29,6
286,榴槤-進口,859,67.1,58.3,三重區,241,60.1,58.3,13768.0,2013,10,1,1
287,榴槤-進口,859,58.3,58.3,三重區,241,58.3,58.3,480.0,2013,10,2,2
288,榴槤-進口,859,72.2,58.3,三重區,241,65.6,65.8,1380.0,2013,10,3,3
289,榴槤-進口,859,58.3,58.3,三重區,241,58.3,58.3,2208.0,2013,10,4,4
290,榴槤-進口,859,58.7,58.3,三重區,241,58.4,58.3,9520.0,2013,10,5,5
291,榴槤-進口,859,58.3,58.3,三重區,241,58.3,58.3,2748.0,2013,10,6,6
292,榴槤-進口,859,58.3,58.3,三重區,241,58.3,58.3,6228.0,2013,10,8,1
293,榴槤-進口,859,58.3,58.3,三重區,241,58.3,58.3,8304.0,2013,10,10,3
294,榴槤-進口,859,58.3,58.3,三重區,241,58.3,58.3,720.0,2013,10,11,4
295,榴槤-進口,859,58.3,58.3,三重區,241,58.3,58.3,6144.0,2013,10,12,5
296,榴槤-進口,859,60.0,58.3,三重區,241,58.7,58.3,3992.0,2013,10,15,1
297,榴槤-進口,859,58.3,58.3,三重區,241,58.3,58.3,720.0,2013,10,17,3
298,榴槤-進口,859,58.3,58.3,三重區,241,58.3,58.3,4320.0,2013,10,18,4
299,榴槤-進口,859,58.3,58.3,三重區,241,58.3,58.3,828.0,2013,10,19,5
300,榴槤-進口,859,58.3,58.3,三重區,241,58.3,58.3,840.0,2013,10,22,1
301,榴槤-進口,859,58.3,58.3,三重區,241,58.3,58.3,36.0,2013,10,23,2
302,榴槤-進口,859,58.3,58.3,三重區,241,58.3,58.3,36.0,2013,10,24,3
303,榴槤-進口,859,100.0,100.0,三重區,241,100.0,100.0,40.0,2014,2,20,3
304,榴槤-進口,859,100.0,100.0,三重區,241,100.0,100.0,800.0,2014,2,25,1
305,榴槤-進口,859,72.2,72.2,三重區,241,72.2,72.2,270.0,2014,3,28,4
306,榴槤-進口,859,72.2,58.3,三重區,241,68.1,70.1,612.0,2014,4,1,1
307,榴槤-進口,859,72.2,58.3,三重區,241,65.1,64.9,930.0,2014,4,3,3
308,榴槤-進口,859,138.9,125.0,三重區,241,132.6,133.0,1320.0,2014,4,11,4
309,榴槤-進口,859,133.3,110.6,三重區,241,124.8,126.7,5736.0,2014,4,13,6
310,榴槤-進口,859,134.4,125.0,三重區,241,128.5,127.7,1498.0,2014,4,15,1
311,榴槤-進口,859,128.2,125.0,三重區,241,125.6,125.0,3300.0,2014,4,16,2
312,榴槤-進口,859,125.0,125.0,三重區,241,125.0,125.0,576.0,2014,4,17,3
313,榴槤-進口,859,100.0,100.0,三重區,241,100.0,100.0,16644.0,2014,4,18,4
314,榴槤-進口,859,100.0,100.0,三重區,241,100.0,100.0,4770.0,2014,4,19,5
315,榴槤-進口,859,106.7,100.0,三重區,241,101.4,100.0,4496.0,2014,4,20,6
316,榴槤-進口,859,100.7,87.8,三重區,241,97.7,100.0,23516.0,2014,4,22,1
317,榴槤-進口,859,102.0,100.0,三重區,241,100.4,100.0,3190.0,2014,4,23,2
318,榴槤-進口,859,99.3,91.7,三重區,241,93.8,92.7,18672.0,2014,4,24,3
319,榴槤-進口,859,100.7,91.7,三重區,241,93.5,91.7,7052.0,2014,4,25,4
320,榴槤-進口,859,93.3,91.7,三重區,241,92.0,91.7,16722.0,2014,4,26,5
321,榴槤-進口,859,83.3,83.3,三重區,241,83.3,83.3,4860.0,2014,4,27,6
322,榴槤-進口,859,85.0,83.3,三重區,241,83.7,83.3,20284.0,2014,4,29,1
323,榴槤-進口,859,86.5,83.3,三重區,241,84.0,83.3,11160.0,2014,4,30,2
324,榴槤-進口,859,83.3,83.3,三重區,241,83.3,83.3,30384.0,2014,5,1,3
325,榴槤-進口,859,94.4,83.3,三重區,241,85.6,83.3,6534.0,2014,5,2,4
326,榴槤-進口,859,83.3,83.3,三重區,241,83.3,83.3,28548.0,2014,5,3,5
327,榴槤-進口,859,83.3,83.3,三重區,241,83.3,83.3,10656.0,2014,5,4,6
328,榴槤-進口,859,83.3,83.3,三重區,241,83.3,83.3,4116.0,2014,5,6,1
329,榴槤-進口,859,83.6,83.3,三重區,241,83.4,83.3,33590.0,2014,5,7,2
330,榴槤-進口,859,83.3,83.3,三重區,241,83.3,83.3,28968.0,2014,5,8,3
331,榴槤-進口,859,83.3,83.3,三重區,241,83.3,83.3,5748.0,2014,5,9,4
332,榴槤-進口,859,83.3,83.3,三重區,241,83.3,83.3,9318.0,2014,5,10,5
333,榴槤-進口,859,83.3,83.3,三重區,241,83.3,83.3,240.0,2014,5,11,6
334,榴槤-進口,859,83.3,83.3,三重區,241,83.3,83.3,2286.0,2014,5,13,1
335,榴槤-進口,859,84.8,83.3,三重區,241,83.6,83.3,37894.0,2014,5,14,2
336,榴槤-進口,859,83.3,83.3,三重區,241,83.3,83.3,9312.0,2014,5,15,3
337,榴槤-進口,859,83.3,83.3,三重區,241,83.3,83.3,29466.0,2014,5,16,4
338,榴槤-進口,859,83.3,83.3,三重區,241,83.3,83.3,17676.0,2014,5,17,5
339,榴槤-進口,859,83.3,83.3,三重區,241,83.3,83.3,5472.0,2014,5,18,6
340,榴槤-進口,859,94.3,83.3,三重區,241,85.5,83.3,28896.0,2014,5,20,1
341,榴槤-進口,859,83.3,83.3,三重區,241,83.3,83.3,4938.0,2014,5,21,2
342,榴槤-進口,859,83.5,83.3,三重區,241,83.4,83.3,17842.0,2014,5,22,3
343,榴槤-進口,859,83.3,80.8,三重區,241,82.8,83.3,14838.0,2014,5,23,4
344,榴槤-進口,859,83.3,83.3,三重區,241,83.3,83.3,25836.0,2014,5,24,5
345,榴槤-進口,859,83.3,83.3,三重區,241,83.3,83.3,6000.0,2014,5,25,6
346,榴槤-進口,859,83.3,83.3,三重區,241,83.3,83.3,20592.0,2014,5,27,1
347,榴槤-進口,859,83.3,83.3,三重區,241,83.3,83.3,5496.0,2014,5,28,2
348,榴槤-進口,859,83.3,83.3,三重區,241,83.3,83.3,8508.0,2014,5,29,3
349,榴槤-進口,859,83.3,83.3,三重區,241,83.3,83.3,2472.0,2014,5,30,4
350,榴槤-進口,859,83.3,83.3,三重區,241,83.3,83.3,21240.0,2014,5,31,5
351,榴槤-進口,859,83.3,83.3,三重區,241,83.3,83.3,8148.0,2014,6,1,6
352,榴槤-進口,859,84.6,83.3,三重區,241,83.6,83.3,4168.0,2014,6,2,0
353,榴槤-進口,859,83.7,83.3,三重區,241,83.4,83.3,27062.0,2014,6,5,3
354,榴槤-進口,859,83.6,83.3,三重區,241,83.4,83.3,8634.0,2014,6,6,4
355,榴槤-進口,859,84.8,83.3,三重區,241,83.6,83.3,12492.0,2014,6,7,5
356,榴槤-進口,859,83.3,83.3,三重區,241,83.3,83.3,8316.0,2014,6,8,6
357,榴槤-進口,859,83.4,83.3,三重區,241,83.4,83.3,19818.0,2014,6,10,1
358,榴槤-進口,859,84.0,75.0,三重區,241,79.0,78.6,7388.0,2014,6,11,2
359,榴槤-進口,859,85.8,75.0,三重區,241,77.9,76.2,9206.0,2014,6,12,3
360,榴槤-進口,859,76.0,66.7,三重區,241,68.5,66.7,3362.0,2014,6,13,4
361,榴槤-進口,859,62.1,58.3,三重區,241,59.1,58.3,20136.0,2014,6,14,5
362,榴槤-進口,859,73.5,58.3,三重區,241,61.4,58.4,9552.0,2014,6,15,6
363,榴槤-進口,859,61.4,58.3,三重區,241,58.9,58.3,27834.0,2014,6,17,1
364,榴槤-進口,859,80.7,58.3,三重區,241,62.8,58.3,5550.0,2014,6,18,2
365,榴槤-進口,859,62.4,58.3,三重區,241,59.2,58.3,15972.0,2014,6,19,3
366,榴槤-進口,859,64.5,58.3,三重區,241,59.6,58.3,6120.0,2014,6,20,4
367,榴槤-進口,859,63.0,58.3,三重區,241,59.3,58.3,13726.0,2014,6,21,5
368,榴槤-進口,859,62.7,58.3,三重區,241,59.2,58.3,3026.0,2014,6,22,6
369,榴槤-進口,859,61.8,58.3,三重區,241,59.0,58.3,13808.0,2014,6,24,1
370,榴槤-進口,859,58.3,58.3,三重區,241,58.3,58.3,7560.0,2014,6,25,2
371,榴槤-進口,859,58.3,58.3,三重區,241,58.3,58.3,5244.0,2014,6,26,3
372,榴槤-進口,859,64.8,58.3,三重區,241,59.6,58.3,8630.0,2014,6,28,5
373,榴槤-進口,859,59.2,50.8,三重區,241,57.0,58.3,13908.0,2014,7,1,1
374,榴槤-進口,859,58.3,58.3,三重區,241,58.3,58.3,600.0,2014,7,2,2
375,榴槤-進口,859,58.3,58.3,三重區,241,58.3,58.3,1200.0,2014,7,3,3
376,榴槤-進口,859,64.0,58.3,三重區,241,59.5,58.3,4416.0,2014,7,4,4
377,榴槤-進口,859,65.4,58.3,三重區,241,59.8,58.3,4658.0,2014,7,5,5
378,榴槤-進口,859,65.0,58.3,三重區,241,59.7,58.3,5640.0,2014,7,8,1
379,榴槤-進口,859,58.3,58.3,三重區,241,58.3,58.3,6552.0,2014,7,9,2
380,榴槤-進口,859,61.1,58.3,三重區,241,58.9,58.3,11920.0,2014,7,10,3
381,榴槤-進口,859,58.3,58.3,三重區,241,58.3,58.3,1296.0,2014,7,11,4
382,榴槤-進口,859,59.9,58.3,三重區,241,58.6,58.3,15622.0,2014,7,12,5
383,榴槤-進口,859,58.3,58.3,三重區,241,58.3,58.3,2688.0,2014,7,13,6
384,榴槤-進口,859,62.5,58.3,三重區,241,59.2,58.3,15538.0,2014,7,15,1
385,榴槤-進口,859,58.3,58.3,三重區,241,58.3,58.3,1488.0,2014,7,16,2
386,榴槤-進口,859,60.0,58.3,三重區,241,58.7,58.3,13560.0,2014,7,17,3
387,榴槤-進口,859,83.3,75.0,三重區,241,76.7,75.0,60.0,2014,7,18,4
388,榴槤-進口,859,62.4,58.3,三重區,241,59.2,58.3,13254.0,2014,7,19,5
389,榴槤-進口,859,58.3,58.3,三重區,241,58.3,58.3,1020.0,2014,7,20,6
390,榴槤-進口,859,62.6,58.3,三重區,241,59.2,58.3,19018.0,2014,7,22,1
391,榴槤-進口,859,58.3,58.3,三重區,241,58.3,58.3,2040.0,2014,7,23,2
392,榴槤-進口,859,58.3,58.3,三重區,241,58.3,58.3,2700.0,2014,7,24,3
393,榴槤-進口,859,64.9,58.3,三重區,241,59.6,58.3,13428.0,2014,7,25,4
394,榴槤-進口,859,70.0,58.3,三重區,241,60.7,58.3,5340.0,2014,7,26,5
395,榴槤-進口,859,63.0,58.3,三重區,241,59.3,58.3,7980.0,2014,7,27,6
396,榴槤-進口,859,62.1,58.3,三重區,241,59.1,58.3,14668.0,2014,7,29,1
397,榴槤-進口,859,58.3,58.3,三重區,241,58.3,58.3,2040.0,2014,7,30,2
398,榴槤-進口,859,65.1,58.3,三重區,241,59.7,58.3,4780.0,2014,7,31,3
399,榴槤-進口,859,72.2,58.3,三重區,241,64.3,63.6,1050.0,2014,8,1,4
400,榴槤-進口,859,58.4,58.3,三重區,241,58.4,58.3,12910.0,2014,8,2,5
401,榴槤-進口,859,65.1,58.3,三重區,241,59.7,58.3,9276.0,2014,8,5,1
402,榴槤-進口,859,61.9,58.3,三重區,241,59.1,58.3,6960.0,2014,8,6,2
403,榴槤-進口,859,58.3,58.3,三重區,241,58.3,58.3,6612.0,2014,8,7,3
404,榴槤-進口,859,58.3,58.3,三重區,241,58.3,58.3,3192.0,2014,8,8,4
405,榴槤-進口,859,63.1,58.3,三重區,241,59.3,58.3,7920.0,2014,8,9,5
406,榴槤-進口,859,60.7,58.3,三重區,241,58.8,58.3,10788.0,2014,8,13,2
407,榴槤-進口,859,58.3,58.3,三重區,241,58.3,58.3,1380.0,2014,8,14,3
408,榴槤-進口,859,58.3,58.3,三重區,241,58.3,58.3,600.0,2014,8,15,4
409,榴槤-進口,859,58.3,58.3,三重區,241,58.3,58.3,2340.0,2014,8,16,5
410,榴槤-進口,859,58.3,58.3,三重區,241,58.3,58.3,1200.0,2014,8,17,6
411,榴槤-進口,859,58.3,58.3,三重區,241,58.3,58.3,2040.0,2014,8,26,1
412,榴槤-進口,859,58.3,58.3,三重區,241,58.3,58.3,1980.0,2014,8,31,6
413,榴槤-進口,859,58.3,58.3,三重區,241,58.3,58.3,600.0,2014,9,13,5
414,榴槤-進口,859,72.2,58.3,三重區,241,65.7,66.0,1284.0,2014,9,16,1
415,榴槤-進口,859,72.2,72.2,三重區,241,72.2,72.2,234.0,2014,9,17,2
416,榴槤-進口,859,72.2,72.2,三重區,241,72.2,72.2,1080.0,2014,9,19,4
417,榴槤-進口,859,58.3,58.3,三重區,241,58.3,58.3,720.0,2014,9,21,6
418,榴槤-進口,859,72.2,72.2,三重區,241,72.2,72.2,1710.0,2014,9,23,1
419,榴槤-進口,859,138.9,138.9,三重區,241,138.9,138.9,360.0,2014,11,5,2
420,榴槤-進口,859,116.7,116.7,三重區,241,116.7,116.7,1320.0,2014,12,17,2
421,榴槤-進口,859,116.7,116.7,三重區,241,116.7,116.7,720.0,2014,12,19,4
422,榴槤-進口,859,116.7,116.7,三重區,241,116.7,116.7,720.0,2014,12,24,2
423,榴槤-進口,859,133.3,116.7,三重區,241,127.9,129.8,2676.0,2014,12,27,5
424,榴槤-進口,859,133.3,133.3,三重區,241,133.3,133.3,360.0,2014,12,31,2
425,榴槤-進口,859,133.3,133.3,三重區,241,133.3,133.3,888.0,2015,3,24,1
426,榴槤-進口,859,108.3,108.3,三重區,241,108.3,108.3,1020.0,2015,4,7,1
427,榴槤-進口,859,133.3,108.3,三重區,241,121.1,121.2,708.0,2015,4,14,1
428,榴槤-進口,859,126.6,116.7,三重區,241,118.7,116.7,5874.0,2015,4,18,5
429,榴槤-進口,859,116.7,116.7,三重區,241,116.7,116.7,4068.0,2015,4,19,6
430,榴槤-進口,859,122.7,116.7,三重區,241,117.9,116.7,4968.0,2015,4,21,1
431,榴槤-進口,859,116.7,116.7,三重區,241,116.7,116.7,1200.0,2015,4,22,2
432,榴槤-進口,859,133.3,116.7,三重區,241,129.7,132.9,1380.0,2015,4,23,3
433,榴槤-進口,859,116.7,116.7,三重區,241,116.7,116.7,1440.0,2015,4,24,4
434,榴槤-進口,859,116.7,116.7,三重區,241,116.7,116.7,5724.0,2015,4,25,5
435,榴槤-進口,859,126.5,116.7,三重區,241,118.6,116.7,7644.0,2015,4,28,1
436,榴槤-進口,859,116.7,116.7,三重區,241,116.7,116.7,5952.0,2015,4,29,2
437,榴槤-進口,859,116.7,116.7,三重區,241,116.7,116.7,600.0,2015,4,30,3
438,榴槤-進口,859,118.9,116.7,三重區,241,117.1,116.7,17226.0,2015,5,1,4
439,榴槤-進口,859,108.3,107.2,三重區,241,108.1,108.3,16532.0,2015,5,2,5
440,榴槤-進口,859,108.3,108.3,三重區,241,108.3,108.3,1800.0,2015,5,3,6
441,榴槤-進口,859,115.4,100.0,三重區,241,103.1,100.0,38052.0,2015,5,5,1
442,榴槤-進口,859,102.6,100.0,三重區,241,100.5,100.0,4280.0,2015,5,6,2
443,榴槤-進口,859,133.3,100.0,三重區,241,110.9,107.0,2760.0,2015,5,7,3
444,榴槤-進口,859,96.1,91.7,三重區,241,92.6,91.7,45804.0,2015,5,8,4
445,榴槤-進口,859,100.2,91.7,三重區,241,93.4,91.7,26010.0,2015,5,9,5
446,榴槤-進口,859,95.4,91.7,三重區,241,92.4,91.7,20974.0,2015,5,10,6
447,榴槤-進口,859,84.0,83.3,三重區,241,83.5,83.3,19014.0,2015,5,12,1
448,榴槤-進口,859,83.3,83.3,三重區,241,83.3,83.3,13788.0,2015,5,13,2
449,榴槤-進口,859,84.6,83.3,三重區,241,83.6,83.3,15588.0,2015,5,14,3
450,榴槤-進口,859,83.3,83.3,三重區,241,83.3,83.3,16344.0,2015,5,15,4
451,榴槤-進口,859,83.8,83.3,三重區,241,83.4,83.3,27966.0,2015,5,16,5
452,榴槤-進口,859,83.3,83.3,三重區,241,83.3,83.3,5244.0,2015,5,17,6
453,榴槤-進口,859,83.3,83.3,三重區,241,83.3,83.3,38616.0,2015,5,19,1
454,榴槤-進口,859,83.3,83.3,三重區,241,83.3,83.3,2808.0,2015,5,20,2
455,榴槤-進口,859,83.3,83.3,三重區,241,83.3,83.3,2244.0,2015,5,21,3
456,榴槤-進口,859,83.3,83.3,三重區,241,83.3,83.3,3780.0,2015,5,22,4
457,榴槤-進口,859,83.3,83.3,三重區,241,83.3,83.3,17802.0,2015,5,23,5
458,榴槤-進口,859,83.3,83.3,三重區,241,83.3,83.3,4596.0,2015,5,24,6
459,榴槤-進口,859,83.3,83.3,三重區,241,83.3,83.3,14928.0,2015,5,26,1
460,榴槤-進口,859,83.3,83.3,三重區,241,83.3,83.3,480.0,2015,5,27,2
461,榴槤-進口,859,83.3,83.3,三重區,241,83.3,83.3,5628.0,2015,5,28,3
462,榴槤-進口,859,83.3,83.3,三重區,241,83.3,83.3,4320.0,2015,5,29,4
463,榴槤-進口,859,83.3,83.3,三重區,241,83.3,83.3,4680.0,2015,5,30,5
464,榴槤-進口,859,83.3,83.3,三重區,241,83.3,83.3,9300.0,2015,5,31,6
465,榴槤-進口,859,83.3,83.3,三重區,241,83.3,83.3,6744.0,2015,6,2,1
466,榴槤-進口,859,83.3,83.3,三重區,241,83.3,83.3,120.0,2015,6,3,2
467,榴槤-進口,859,83.3,83.3,三重區,241,83.3,83.3,4020.0,2015,6,4,3
468,榴槤-進口,859,83.3,83.3,三重區,241,83.3,83.3,15336.0,2015,6,5,4
469,榴槤-進口,859,83.3,83.3,三重區,241,83.3,83.3,6780.0,2015,6,6,5
470,榴槤-進口,859,83.3,83.3,三重區,241,83.3,83.3,5280.0,2015,6,7,6
471,榴槤-進口,859,83.3,83.3,三重區,241,83.3,83.3,6000.0,2015,6,9,1
472,榴槤-進口,859,83.3,83.3,三重區,241,83.3,83.3,10920.0,2015,6,11,3
473,榴槤-進口,859,83.3,83.3,三重區,241,83.3,83.3,13800.0,2015,6,12,4
474,榴槤-進口,859,83.3,83.3,三重區,241,83.3,83.3,15516.0,2015,6,13,5
475,榴槤-進口,859,83.3,83.3,三重區,241,83.3,83.3,2400.0,2015,6,14,6
476,榴槤-進口,859,83.3,83.3,三重區,241,83.3,83.3,12240.0,2015,6,16,1
477,榴槤-進口,859,83.3,83.3,三重區,241,83.3,83.3,5760.0,2015,6,17,2
478,榴槤-進口,859,83.3,83.3,三重區,241,83.3,83.3,16356.0,2015,6,19,4
479,榴槤-進口,859,83.3,83.3,三重區,241,83.3,83.3,17280.0,2015,6,23,1
480,榴槤-進口,859,93.9,83.3,三重區,241,85.5,83.3,1230.0,2015,6,24,2
481,榴槤-進口,859,83.3,83.3,三重區,241,83.3,83.3,5100.0,2015,6,25,3
482,榴槤-進口,859,83.3,83.3,三重區,241,83.3,83.3,8628.0,2015,6,26,4
483,榴槤-進口,859,83.3,83.3,三重區,241,83.3,83.3,8184.0,2015,6,27,5
484,榴槤-進口,859,83.3,83.3,三重區,241,83.3,83.3,2208.0,2015,6,28,6
485,榴槤-進口,859,83.3,83.3,三重區,241,83.3,83.3,9504.0,2015,6,30,1
486,榴槤-進口,859,83.3,83.3,三重區,241,83.3,83.3,384.0,2015,7,1,2
487,榴槤-進口,859,83.3,83.3,三重區,241,83.3,83.3,960.0,2015,7,2,3
488,榴槤-進口,859,83.3,83.3,三重區,241,83.3,83.3,5220.0,2015,7,3,4
489,榴槤-進口,859,83.3,83.3,三重區,241,83.3,83.3,2220.0,2015,7,4,5
490,榴槤-進口,859,83.3,83.3,三重區,241,83.3,83.3,2688.0,2015,7,5,6
491,榴槤-進口,859,83.3,83.3,三重區,241,83.3,83.3,5400.0,2015,7,7,1
492,榴槤-進口,859,83.3,83.3,三重區,241,83.3,83.3,1440.0,2015,7,8,2
493,榴槤-進口,859,83.3,83.3,三重區,241,83.3,83.3,540.0,2015,7,9,3
494,榴槤-進口,859,83.3,83.3,三重區,241,83.3,83.3,360.0,2015,7,10,4
495,榴槤-進口,859,83.3,83.3,三重區,241,83.3,83.3,1920.0,2015,7,11,5
496,榴槤-進口,859,83.3,83.3,三重區,241,83.3,83.3,564.0,2015,7,15,2
497,榴槤-進口,859,83.3,83.3,三重區,241,83.3,83.3,360.0,2015,7,17,4
498,榴槤-進口,859,83.3,83.3,三重區,241,83.3,83.3,1860.0,2015,7,18,5
499,榴槤-進口,859,83.3,83.3,三重區,241,83.3,83.3,5646.0,2015,7,21,1
500,榴槤-進口,859,83.3,83.3,三重區,241,83.3,83.3,6240.0,2015,7,23,3
501,榴槤-進口,859,83.3,83.3,三重區,241,83.3,83.3,1920.0,2015,7,24,4
502,榴槤-進口,859,83.3,83.3,三重區,241,83.3,83.3,2172.0,2015,7,25,5
503,榴槤-進口,859,83.3,83.3,三重區,241,83.3,83.3,15096.0,2015,7,26,6
504,榴槤-進口,859,83.3,83.3,三重區,241,83.3,83.3,7860.0,2015,7,28,1
505,榴槤-進口,859,83.3,83.3,三重區,241,83.3,83.3,1080.0,2015,7,29,2
506,榴槤-進口,859,83.3,83.3,三重區,241,83.3,83.3,4800.0,2015,7,30,3
507,榴槤-進口,859,83.3,83.3,三重區,241,83.3,83.3,4092.0,2015,7,31,4
508,榴槤-進口,859,83.3,83.3,三重區,241,83.3,83.3,13560.0,2015,8,1,5
509,榴槤-進口,859,83.3,83.3,三重區,241,83.3,83.3,1920.0,2015,8,2,6
510,榴槤-進口,859,83.3,81.3,三重區,241,82.9,83.3,12180.0,2015,8,4,1
511,榴槤-進口,859,83.3,83.3,三重區,241,83.3,83.3,3000.0,2015,8,5,2
512,榴槤-進口,859,83.3,75.0,三重區,241,79.2,79.2,720.0,2015,8,6,3
513,榴槤-進口,859,77.4,75.0,三重區,241,75.5,75.0,3180.0,2015,8,7,4
514,榴槤-進口,859,75.0,75.0,三重區,241,75.0,75.0,240.0,2015,8,8,5
515,榴槤-進口,859,75.4,75.0,三重區,241,75.1,75.0,17856.0,2015,8,11,1
516,榴槤-進口,859,75.0,75.0,三重區,241,75.0,75.0,11520.0,2015,8,12,2
517,榴槤-進口,859,79.5,75.0,三重區,241,75.9,75.0,2490.0,2015,8,13,3
518,榴槤-進口,859,75.0,75.0,三重區,241,75.0,75.0,8040.0,2015,8,14,4
519,榴槤-進口,859,75.0,75.0,三重區,241,75.0,75.0,10200.0,2015,8,15,5
520,榴槤-進口,859,75.0,75.0,三重區,241,75.0,75.0,960.0,2015,8,16,6
521,榴槤-進口,859,76.1,75.0,三重區,241,75.2,75.0,13560.0,2015,8,18,1
522,榴槤-進口,859,75.0,75.0,三重區,241,75.0,75.0,5520.0,2015,8,19,2
523,榴槤-進口,859,75.0,75.0,三重區,241,75.0,75.0,5304.0,2015,8,20,3
524,榴槤-進口,859,76.2,75.0,三重區,241,75.3,75.0,6180.0,2015,8,22,5
525,榴槤-進口,859,75.0,75.0,三重區,241,75.0,75.0,624.0,2015,8,23,6
526,榴槤-進口,859,75.0,75.0,三重區,241,75.0,75.0,9900.0,2015,8,25,1
527,榴槤-進口,859,83.3,75.0,三重區,241,76.8,75.3,1230.0,2015,8,26,2
528,榴槤-進口,859,75.0,75.0,三重區,241,75.0,75.0,4668.0,2015,8,28,4
529,榴槤-進口,859,76.0,75.0,三重區,241,75.2,75.0,11514.0,2015,9,1,1
530,榴槤-進口,859,75.0,75.0,三重區,241,75.0,75.0,1200.0,2015,9,2,2
531,榴槤-進口,859,77.3,75.0,三重區,241,75.5,75.0,4830.0,2015,9,4,4
532,榴槤-進口,859,75.0,75.0,三重區,241,75.0,75.0,3600.0,2015,9,5,5
533,榴槤-進口,859,83.3,83.3,三重區,241,83.3,83.3,360.0,2015,9,6,6
534,榴槤-進口,859,76.2,75.0,三重區,241,75.2,75.0,13068.0,2015,9,8,1
535,榴槤-進口,859,83.3,83.3,三重區,241,83.3,83.3,270.0,2015,9,10,3
536,榴槤-進口,859,75.0,75.0,三重區,241,75.0,75.0,7020.0,2015,9,11,4
537,榴槤-進口,859,76.6,75.0,三重區,241,75.3,75.0,7158.0,2015,9,13,6
538,榴槤-進口,859,78.1,75.0,三重區,241,75.6,75.0,3690.0,2015,9,15,1
539,榴槤-進口,859,75.0,75.0,三重區,241,75.0,75.0,420.0,2015,9,17,3
540,榴槤-進口,859,75.0,75.0,三重區,241,75.0,75.0,13140.0,2015,9,18,4
541,榴槤-進口,859,75.0,75.0,三重區,241,75.0,75.0,3240.0,2015,9,19,5
542,榴槤-進口,859,75.0,75.0,三重區,241,75.0,75.0,5040.0,2015,9,20,6
543,榴槤-進口,859,75.0,75.0,三重區,241,75.0,75.0,12228.0,2015,9,22,1
544,榴槤-進口,859,75.0,75.0,三重區,241,75.0,75.0,2436.0,2015,9,23,2
545,榴槤-進口,859,75.0,75.0,三重區,241,75.0,75.0,1080.0,2015,9,24,3
546,榴槤-進口,859,75.0,75.0,三重區,241,75.0,75.0,11952.0,2015,9,25,4
547,榴槤-進口,859,75.0,75.0,三重區,241,75.0,75.0,9768.0,2015,9,30,2
548,榴槤-進口,859,75.0,75.0,三重區,241,75.0,75.0,456.0,2015,10,10,5
549,榴槤-進口,859,116.7,116.7,三重區,241,116.7,116.7,4608.0,2015,12,24,3
550,榴槤-進口,859,125.0,125.0,三重區,241,125.0,125.0,600.0,2015,12,25,4
551,榴槤-進口,859,83.3,83.3,三重區,241,83.3,83.3,7560.0,2016,1,10,6
552,榴槤-進口,859,77.8,77.8,三重區,241,77.8,77.8,7362.0,2016,1,13,2
553,榴槤-進口,859,150.0,150.0,三重區,241,150.0,150.0,1800.0,2016,3,15,1
554,榴槤-進口,859,138.9,138.9,三重區,241,138.9,138.9,702.0,2016,3,18,4
555,榴槤-進口,859,222.2,166.7,三重區,241,198.5,201.2,1572.0,2016,4,2,5
556,榴槤-進口,859,222.2,166.7,三重區,241,191.7,189.8,1200.0,2016,4,6,2
557,榴槤-進口,859,166.7,166.7,三重區,241,166.7,166.7,8952.0,2016,4,7,3
558,榴槤-進口,859,149.7,141.7,三重區,241,143.3,141.7,9628.0,2016,4,8,4
559,榴槤-進口,859,132.0,125.0,三重區,241,126.4,125.0,9376.0,2016,4,9,5
560,榴槤-進口,859,163.2,125.0,三重區,241,132.6,125.0,1572.0,2016,4,10,6
561,榴槤-進口,859,113.0,100.0,三重區,241,102.6,100.0,8446.0,2016,4,12,1
562,榴槤-進口,859,123.3,100.0,三重區,241,107.0,103.8,1210.0,2016,4,13,2
563,榴槤-進口,859,102.1,100.0,三重區,241,100.4,100.0,11252.0,2016,4,14,3
564,榴槤-進口,859,101.4,100.0,三重區,241,100.3,100.0,15158.0,2016,4,15,4
565,榴槤-進口,859,103.2,100.0,三重區,241,100.7,100.0,8570.0,2016,4,16,5
566,榴槤-進口,859,143.3,100.0,三重區,241,110.4,103.0,810.0,2016,4,17,6
567,榴槤-進口,859,104.4,100.0,三重區,241,100.9,100.0,18280.0,2016,4,19,1
568,榴槤-進口,859,102.4,100.0,三重區,241,100.5,100.0,11676.0,2016,4,20,2
569,榴槤-進口,859,104.4,100.0,三重區,241,100.9,100.0,17612.0,2016,4,21,3
570,榴槤-進口,859,107.1,100.0,三重區,241,101.4,100.0,4718.0,2016,4,22,4
571,榴槤-進口,859,121.2,100.0,三重區,241,104.3,100.0,10670.0,2016,4,23,5
572,榴槤-進口,859,121.7,100.0,三重區,241,110.3,109.9,272.0,2016,4,24,6
573,榴槤-進口,859,109.9,108.3,三重區,241,108.7,108.3,7496.0,2016,4,26,1
574,榴槤-進口,859,120.6,108.3,三重區,241,110.8,108.3,6386.0,2016,4,27,2
575,榴槤-進口,859,109.0,107.0,三重區,241,108.2,108.3,10920.0,2016,4,28,3
576,榴槤-進口,859,115.2,108.3,三重區,241,109.7,108.3,14504.0,2016,4,29,4
577,榴槤-進口,859,115.2,108.3,三重區,241,109.7,108.3,22414.0,2016,4,30,5
578,榴槤-進口,859,108.3,108.3,三重區,241,108.3,108.3,10056.0,2016,5,1,6
579,榴槤-進口,859,114.0,108.3,三重區,241,109.5,108.3,23420.0,2016,5,3,1
580,榴槤-進口,859,120.2,108.3,三重區,241,110.7,108.3,878.0,2016,5,4,2
581,榴槤-進口,859,114.2,108.3,三重區,241,109.5,108.3,22012.0,2016,5,5,3
582,榴槤-進口,859,114.8,108.3,三重區,241,109.6,108.3,10272.0,2016,5,6,4
583,榴槤-進口,859,117.0,100.0,三重區,241,107.5,106.8,24699.0,2016,5,7,5
584,榴槤-進口,859,111.8,108.3,三重區,241,109.0,108.3,9248.0,2016,5,8,6
585,榴槤-進口,859,108.6,108.3,三重區,241,108.4,108.3,15942.0,2016,5,10,1
586,榴槤-進口,859,108.3,108.3,三重區,241,108.3,108.3,5676.0,2016,5,11,2
587,榴槤-進口,859,108.3,108.3,三重區,241,108.3,108.3,7776.0,2016,5,12,3
588,榴槤-進口,859,116.8,108.3,三重區,241,110.0,108.3,10708.0,2016,5,13,4
589,榴槤-進口,859,109.1,108.3,三重區,241,108.5,108.3,15114.0,2016,5,14,5
590,榴槤-進口,859,153.2,108.3,三重區,241,117.3,108.3,2020.0,2016,5,15,6
591,榴槤-進口,859,116.7,108.3,三重區,241,110.8,109.6,930.0,2016,5,17,1
592,榴槤-進口,859,124.8,108.3,三重區,241,111.6,108.3,9554.0,2016,5,19,3
593,榴槤-進口,859,120.4,108.3,三重區,241,110.7,108.3,15306.0,2016,5,20,4
594,榴槤-進口,859,117.7,108.3,三重區,241,110.2,108.3,3314.0,2016,5,21,5
595,榴槤-進口,859,108.3,108.3,三重區,241,108.3,108.3,12972.0,2016,5,22,6
596,榴槤-進口,859,165.7,108.3,三重區,241,150.0,158.7,880.0,2016,5,24,1
597,榴槤-進口,859,160.0,160.0,三重區,241,160.0,160.0,70.0,2016,5,25,2
598,榴槤-進口,859,111.0,108.3,三重區,241,108.9,108.3,7744.0,2016,5,26,3
599,榴槤-進口,859,108.3,108.3,三重區,241,108.3,108.3,5880.0,2016,5,27,4
600,榴槤-進口,859,108.3,108.3,三重區,241,108.3,108.3,2400.0,2016,5,28,5
601,榴槤-進口,859,108.3,108.3,三重區,241,108.3,108.3,4248.0,2016,5,29,6
602,榴槤-進口,859,117.3,108.3,三重區,241,110.1,108.3,9336.0,2016,5,31,1
603,榴槤-進口,859,111.0,108.3,三重區,241,108.9,108.3,8432.0,2016,6,1,2
604,榴槤-進口,859,150.0,150.0,三重區,241,150.0,150.0,20.0,2016,6,2,3
605,榴槤-進口,859,110.5,108.3,三重區,241,108.8,108.3,16392.0,2016,6,3,4
606,榴槤-進口,859,130.1,108.3,三重區,241,112.7,108.3,2516.0,2016,6,4,5
607,榴槤-進口,859,113.6,108.3,三重區,241,109.4,108.3,1470.0,2016,6,5,6
608,榴槤-進口,859,112.3,108.3,三重區,241,109.1,108.3,10008.0,2016,6,7,1
609,榴槤-進口,859,108.3,108.3,三重區,241,108.3,108.3,10104.0,2016,6,8,2
610,榴槤-進口,859,108.3,108.3,三重區,241,108.3,108.3,2940.0,2016,6,9,3
611,榴槤-進口,859,108.3,108.3,三重區,241,108.3,108.3,4800.0,2016,6,12,6
612,榴槤-進口,859,114.2,104.9,三重區,241,108.8,108.3,16906.0,2016,6,14,1
613,榴槤-進口,859,108.3,99.7,三重區,241,106.6,108.3,7050.0,2016,6,15,2
614,榴槤-進口,859,111.0,108.3,三重區,241,108.9,108.3,4170.0,2016,6,16,3
615,榴槤-進口,859,117.1,108.3,三重區,241,110.1,108.3,8240.0,2016,6,17,4
616,榴槤-進口,859,116.3,108.3,三重區,241,109.9,108.3,3698.0,2016,6,18,5
617,榴槤-進口,859,108.3,108.3,三重區,241,108.3,108.3,3756.0,2016,6,19,6
618,榴槤-進口,859,125.9,104.7,三重區,241,112.0,109.8,3390.0,2016,6,21,1
619,榴槤-進口,859,113.2,94.5,三重區,241,98.2,94.5,856.0,2016,6,22,2
620,榴槤-進口,859,109.9,103.0,三重區,241,107.6,108.3,7050.0,2016,6,23,3
621,榴槤-進口,859,108.3,74.1,三重區,241,101.5,108.3,4740.0,2016,6,24,4
622,榴槤-進口,859,103.1,100.0,三重區,241,100.6,100.0,7278.0,2016,6,25,5
623,榴槤-進口,859,100.0,100.0,三重區,241,100.0,100.0,240.0,2016,6,26,6
624,榴槤-進口,859,101.9,91.7,三重區,241,93.7,91.7,3306.0,2016,6,28,1
625,榴槤-進口,859,91.7,91.7,三重區,241,91.7,91.7,924.0,2016,6,29,2
626,榴槤-進口,859,116.7,91.7,三重區,241,100.7,98.3,750.0,2016,6,30,3
627,榴槤-進口,859,91.7,91.7,三重區,241,91.7,91.7,600.0,2016,7,1,4
628,榴槤-進口,859,91.7,91.7,三重區,241,91.7,91.7,2400.0,2016,7,8,4
629,榴槤-進口,859,113.0,91.7,三重區,241,95.9,91.7,640.0,2016,7,21,3
630,榴槤-進口,859,156.3,150.0,三重區,241,151.3,150.0,80.0,2016,7,22,4
631,榴槤-進口,859,133.3,133.3,三重區,241,133.3,133.3,810.0,2016,7,26,1
632,榴槤-進口,859,125.0,125.0,三重區,241,125.0,125.0,720.0,2016,7,28,3
633,榴槤-進口,859,108.3,108.3,三重區,241,108.3,108.3,4200.0,2016,7,29,4
634,榴槤-進口,859,108.3,104.2,三重區,241,107.5,108.3,5106.0,2016,7,31,6
635,榴槤-進口,859,108.3,108.3,三重區,241,108.3,108.3,1200.0,2016,8,2,1
636,榴槤-進口,859,108.3,108.3,三重區,241,108.3,108.3,8796.0,2016,8,5,4
637,榴槤-進口,859,108.3,108.3,三重區,241,108.3,108.3,7308.0,2016,8,6,5
638,榴槤-進口,859,108.3,108.3,三重區,241,108.3,108.3,10428.0,2016,8,7,6
639,榴槤-進口,859,108.3,94.5,三重區,241,104.6,106.7,660.0,2016,8,9,1
640,榴槤-進口,859,100.0,100.0,三重區,241,100.0,100.0,4644.0,2016,8,10,2
641,榴槤-進口,859,100.0,100.0,三重區,241,100.0,100.0,1800.0,2016,8,11,3
642,榴槤-進口,859,101.6,100.0,三重區,241,100.3,100.0,5750.0,2016,8,12,4
643,榴槤-進口,859,85.8,83.3,三重區,241,83.8,83.3,2010.0,2016,8,13,5
644,榴槤-進口,859,83.3,83.3,三重區,241,83.3,83.3,2436.0,2016,8,14,6
645,榴槤-進口,859,83.3,83.3,三重區,241,83.3,83.3,6372.0,2016,8,16,1
646,榴槤-進口,859,83.3,83.3,三重區,241,83.3,83.3,3276.0,2016,8,17,2
647,榴槤-進口,859,84.0,83.3,三重區,241,83.5,83.3,9550.0,2016,8,20,5
648,榴槤-進口,859,83.3,83.3,三重區,241,83.3,83.3,4800.0,2016,8,21,6
649,榴槤-進口,859,83.3,83.3,三重區,241,83.3,83.3,1908.0,2016,8,23,1
650,榴槤-進口,859,83.3,83.0,三重區,241,83.3,83.3,3078.0,2016,8,24,2
651,榴槤-進口,859,84.4,83.3,三重區,241,83.5,83.3,6506.0,2016,8,25,3
652,榴槤-進口,859,83.3,83.3,三重區,241,83.3,83.3,360.0,2016,8,26,4
653,榴槤-進口,859,83.3,83.3,三重區,241,83.3,83.3,6828.0,2016,8,27,5
654,榴槤-進口,859,83.3,83.3,三重區,241,83.3,83.3,36.0,2016,8,28,6
655,榴槤-進口,859,75.0,75.0,三重區,241,75.0,75.0,5976.0,2016,8,30,1
656,榴槤-進口,859,83.3,83.3,三重區,241,83.3,83.3,360.0,2016,9,1,3
657,榴槤-進口,859,75.0,72.2,三重區,241,73.8,74.0,210.0,2016,9,3,5
658,榴槤-進口,859,83.3,83.3,三重區,241,83.3,83.3,360.0,2016,9,6,1
659,榴槤-進口,859,83.3,83.3,三重區,241,83.3,83.3,1200.0,2016,9,7,2
660,榴槤-進口,859,83.3,83.3,三重區,241,83.3,83.3,120.0,2016,9,10,5
661,榴槤-進口,859,83.3,83.3,三重區,241,83.3,83.3,840.0,2016,9,13,1
662,榴槤-進口,859,83.3,83.3,三重區,241,83.3,83.3,840.0,2016,9,18,6
663,榴槤-進口,859,83.3,83.3,三重區,241,83.3,83.3,2400.0,2016,9,20,1
664,榴槤-進口,859,83.3,83.3,三重區,241,83.3,83.3,5880.0,2016,9,24,5
665,榴槤-進口,859,83.3,83.3,三重區,241,83.3,83.3,3588.0,2016,9,27,1
666,榴槤-進口,859,83.3,83.3,三重區,241,83.3,83.3,3840.0,2016,10,2,6
667,榴槤-進口,859,83.3,83.3,三重區,241,83.3,83.3,8172.0,2016,10,4,1
668,榴槤-進口,859,83.3,83.3,三重區,241,83.3,83.3,8400.0,2016,10,8,5
669,榴槤-進口,859,83.3,83.3,三重區,241,83.3,83.3,2268.0,2016,10,12,2
670,榴槤-進口,859,83.3,83.3,三重區,241,83.3,83.3,5400.0,2016,10,18,1
671,榴槤-進口,859,166.7,166.7,三重區,241,166.7,166.7,120.0,2017,4,7,4
672,榴槤-進口,859,150.0,150.0,三重區,241,150.0,150.0,1320.0,2017,4,16,6
673,榴槤-進口,859,110.0,110.0,三重區,241,110.0,110.0,4200.0,2017,4,18,1
674,榴槤-進口,859,94.9,91.7,三重區,241,92.3,91.7,5601.0,2017,4,21,4
675,榴槤-進口,859,125.0,125.0,三重區,241,125.0,125.0,7536.0,2017,4,25,1
676,榴槤-進口,859,125.0,125.0,三重區,241,125.0,125.0,5880.0,2017,4,27,3
677,榴槤-進口,859,125.0,125.0,三重區,241,125.0,125.0,7188.0,2017,4,28,4
678,榴槤-進口,859,129.1,125.0,三重區,241,125.8,125.0,5826.0,2017,4,29,5
679,榴槤-進口,859,125.0,125.0,三重區,241,125.0,125.0,1896.0,2017,4,30,6
680,榴槤-進口,859,126.4,125.0,三重區,241,125.3,125.0,17732.0,2017,5,2,1
681,榴槤-進口,859,126.4,125.0,三重區,241,125.3,125.0,10348.0,2017,5,3,2
682,榴槤-進口,859,126.4,125.0,三重區,241,125.3,125.0,11074.0,2017,5,4,3
683,榴槤-進口,859,137.2,125.0,三重區,241,127.4,125.0,1180.0,2017,5,5,4
684,榴槤-進口,859,137.1,125.0,三重區,241,127.4,125.0,25250.0,2017,5,6,5
685,榴槤-進口,859,141.3,125.0,三重區,241,128.3,125.0,13846.0,2017,5,7,6
686,榴槤-進口,859,126.0,125.0,三重區,241,125.2,125.0,15840.0,2017,5,9,1
687,榴槤-進口,859,125.0,125.0,三重區,241,125.0,125.0,12060.0,2017,5,10,2
688,榴槤-進口,859,135.4,125.0,三重區,241,127.1,125.0,12146.0,2017,5,11,3
689,榴槤-進口,859,133.0,125.0,三重區,241,126.6,125.0,28958.0,2017,5,12,4
690,榴槤-進口,859,130.2,100.0,三重區,241,115.8,116.3,24575.0,2017,5,13,5
691,榴槤-進口,859,123.9,116.7,三重區,241,118.1,116.7,6224.0,2017,5,14,6
692,榴槤-進口,859,118.9,116.7,三重區,241,117.1,116.7,20556.0,2017,5,16,1
693,榴槤-進口,859,116.7,116.7,三重區,241,116.7,116.7,7356.0,2017,5,17,2
694,榴槤-進口,859,111.8,108.3,三重區,241,109.0,108.3,8500.0,2017,5,18,3
695,榴槤-進口,859,110.7,108.3,三重區,241,108.8,108.3,26282.0,2017,5,19,4
696,榴槤-進口,859,100.0,100.0,三重區,241,100.0,100.0,12624.0,2017,5,20,5
697,榴槤-進口,859,105.3,100.0,三重區,241,101.1,100.0,5990.0,2017,5,21,6
698,榴槤-進口,859,105.9,100.0,三重區,241,101.2,100.0,21072.0,2017,5,23,1
699,榴槤-進口,859,100.0,100.0,三重區,241,100.0,100.0,4656.0,2017,5,24,2
700,榴槤-進口,859,100.0,100.0,三重區,241,100.0,100.0,1254.0,2017,5,25,3
701,榴槤-進口,859,100.6,100.0,三重區,241,100.1,100.0,18278.0,2017,5,26,4
702,榴槤-進口,859,116.6,100.0,三重區,241,103.3,100.0,2566.0,2017,5,27,5
703,榴槤-進口,859,100.0,100.0,三重區,241,100.0,100.0,348.0,2017,5,28,6
704,榴槤-進口,859,100.0,100.0,三重區,241,100.0,100.0,10908.0,2017,5,29,0
705,榴槤-進口,859,100.0,100.0,三重區,241,100.0,100.0,1194.0,2017,5,30,1
706,榴槤-進口,859,100.8,100.0,三重區,241,100.2,100.0,12806.0,2017,6,2,4
707,榴槤-進口,859,102.2,100.0,三重區,241,100.5,100.0,13628.0,2017,6,3,5
708,榴槤-進口,859,100.0,100.0,三重區,241,100.0,100.0,900.0,2017,6,4,6
709,榴槤-進口,859,100.0,100.0,三重區,241,100.0,100.0,17136.0,2017,6,6,1
710,榴槤-進口,859,102.1,100.0,三重區,241,100.4,100.0,7240.0,2017,6,8,3
711,榴槤-進口,859,100.0,100.0,三重區,241,100.0,100.0,7500.0,2017,6,9,4
712,榴槤-進口,859,100.6,100.0,三重區,241,100.1,100.0,20338.0,2017,6,10,5
713,榴槤-進口,859,100.0,100.0,三重區,241,100.0,100.0,6468.0,2017,6,11,6
714,榴槤-進口,859,110.2,100.0,三重區,241,102.1,100.0,18824.0,2017,6,13,1
715,榴槤-進口,859,102.2,100.0,三重區,241,100.4,100.0,4184.0,2017,6,14,2
716,榴槤-進口,859,100.0,100.0,三重區,241,100.0,100.0,4644.0,2017,6,15,3
717,榴槤-進口,859,119.5,100.0,三重區,241,106.1,103.6,8146.0,2017,6,16,4
718,榴槤-進口,859,108.0,100.0,三重區,241,101.6,100.0,12582.0,2017,6,17,5
719,榴槤-進口,859,116.9,100.0,三重區,241,103.4,100.0,4302.0,2017,6,18,6
720,榴槤-進口,859,100.0,100.0,三重區,241,100.0,100.0,10968.0,2017,6,20,1
721,榴槤-進口,859,100.0,100.0,三重區,241,100.0,100.0,8664.0,2017,6,21,2
722,榴槤-進口,859,103.3,100.0,三重區,241,100.7,100.0,9170.0,2017,6,22,3
723,榴槤-進口,859,110.0,100.0,三重區,241,104.5,104.1,4032.0,2017,6,23,4
724,榴槤-進口,859,100.0,100.0,三重區,241,100.0,100.0,360.0,2017,6,25,6
725,榴槤-進口,859,90.0,90.0,三重區,241,90.0,90.0,7800.0,2017,6,27,1
726,榴槤-進口,859,90.0,90.0,三重區,241,90.0,90.0,5500.0,2017,6,28,2
727,榴槤-進口,859,90.0,89.2,三重區,241,89.9,90.0,7760.0,2017,6,29,3
728,榴槤-進口,859,110.0,100.0,三重區,241,105.2,105.4,1630.0,2017,7,18,1
729,榴槤-進口,859,100.0,99.2,三重區,241,99.8,100.0,7732.0,2017,7,22,5
730,榴槤-進口,859,110.0,100.0,三重區,241,106.3,107.1,96.0,2017,7,23,6
731,榴槤-進口,859,100.0,100.0,三重區,241,100.0,100.0,2280.0,2017,7,25,1
732,榴槤-進口,859,120.0,110.0,三重區,241,113.2,112.1,4140.0,2017,7,27,3
733,榴槤-進口,859,110.0,100.0,三重區,241,106.6,107.7,6690.0,2017,7,29,5
734,榴槤-進口,859,110.0,110.0,三重區,241,110.0,110.0,120.0,2017,7,30,6
735,榴槤-進口,859,110.0,97.7,三重區,241,106.4,108.2,6460.0,2017,8,2,2
736,榴槤-進口,859,100.0,100.0,三重區,241,100.0,100.0,10188.0,2017,8,3,3
737,榴槤-進口,859,102.9,100.0,三重區,241,100.6,100.0,4380.0,2017,8,4,4
738,榴槤-進口,859,104.0,100.0,三重區,241,100.8,100.0,8812.0,2017,8,5,5
739,榴槤-進口,859,100.0,89.0,三重區,241,97.8,100.0,8049.0,2017,8,6,6
740,榴槤-進口,859,101.5,100.0,三重區,241,100.3,100.0,13510.0,2017,8,8,1
741,榴槤-進口,859,102.3,100.0,三重區,241,100.5,100.0,3990.0,2017,8,9,2
742,榴槤-進口,859,100.6,100.0,三重區,241,100.1,100.0,4736.0,2017,8,10,3
743,榴槤-進口,859,100.0,100.0,三重區,241,100.0,100.0,10368.0,2017,8,11,4
744,榴槤-進口,859,100.0,100.0,三重區,241,100.0,100.0,13104.0,2017,8,12,5
745,榴槤-進口,859,100.0,100.0,三重區,241,100.0,100.0,1812.0,2017,8,13,6
746,榴槤-進口,859,100.0,100.0,三重區,241,100.0,100.0,13572.0,2017,8,15,1
747,榴槤-進口,859,85.2,83.3,三重區,241,83.7,83.3,6654.0,2017,8,16,2
748,榴槤-進口,859,86.0,83.3,三重區,241,83.9,83.3,5616.0,2017,8,17,3
749,榴槤-進口,859,83.3,83.3,三重區,241,83.3,83.3,660.0,2017,8,18,4
750,榴槤-進口,859,88.9,83.3,三重區,241,85.8,85.7,5688.0,2017,8,19,5
751,榴槤-進口,859,102.5,83.3,三重區,241,88.6,85.7,1530.0,2017,8,20,6
752,榴槤-進口,859,86.6,83.3,三重區,241,84.0,83.3,9324.0,2017,8,22,1
753,榴槤-進口,859,88.9,83.3,三重區,241,84.6,83.7,2316.0,2017,8,23,2
754,榴槤-進口,859,85.0,83.3,三重區,241,83.7,83.3,12054.0,2017,8,24,3
755,榴槤-進口,859,88.9,88.9,三重區,241,88.9,88.9,540.0,2017,8,25,4
756,榴槤-進口,859,88.9,83.3,三重區,241,84.8,84.0,9576.0,2017,8,26,5
757,榴槤-進口,859,86.7,55.6,三重區,241,73.1,74.4,4752.0,2017,8,29,1
758,榴槤-進口,859,88.9,83.3,三重區,241,86.9,87.4,1386.0,2017,9,1,4
759,榴槤-進口,859,83.3,83.3,三重區,241,83.3,83.3,2400.0,2017,9,8,4
760,榴槤-進口,859,125.0,125.0,三重區,241,125.0,125.0,3480.0,2017,12,26,1
761,榴槤-進口,859,125.0,125.0,三重區,241,125.0,125.0,300.0,2017,12,28,3
762,榴槤-進口,859,125.0,125.0,三重區,241,125.0,125.0,2880.0,2017,12,30,5
763,榴槤-進口,859,125.0,125.0,三重區,241,125.0,125.0,1128.0,2018,1,2,1
764,榴槤-進口,859,125.0,125.0,三重區,241,125.0,125.0,1200.0,2018,1,6,5
765,榴槤-進口,859,125.0,125.0,三重區,241,125.0,125.0,1800.0,2018,1,9,1
766,榴槤-進口,859,141.7,141.7,三重區,241,141.7,141.7,8748.0,2018,4,20,4
767,榴槤-進口,859,141.7,141.7,三重區,241,141.7,141.7,8124.0,2018,4,21,5
768,榴槤-進口,859,141.7,141.7,三重區,241,141.7,141.7,1200.0,2018,4,22,6
769,榴槤-進口,859,141.7,120.6,三重區,241,133.8,135.6,16008.0,2018,4,24,1
770,榴槤-進口,859,125.0,125.0,三重區,241,125.0,125.0,720.0,2018,4,25,2
771,榴槤-進口,859,125.3,116.9,三重區,241,123.4,125.0,18352.0,2018,4,26,3
772,榴槤-進口,859,129.0,109.1,三重區,241,122.6,125.0,16894.0,2018,4,27,4
773,榴槤-進口,859,129.2,125.0,三重區,241,125.8,125.0,24984.0,2018,4,28,5
774,榴槤-進口,859,126.0,125.0,三重區,241,125.2,125.0,7676.0,2018,4,29,6
775,榴槤-進口,859,125.0,125.0,三重區,241,125.0,125.0,24012.0,2018,5,1,1
776,榴槤-進口,859,131.9,125.0,三重區,241,126.4,125.0,10944.0,2018,5,2,2
777,榴槤-進口,859,125.3,112.9,三重區,241,122.6,125.0,10830.0,2018,5,3,3
778,榴槤-進口,859,125.0,121.7,三重區,241,124.3,125.0,18522.0,2018,5,4,4
779,榴槤-進口,859,126.4,125.0,三重區,241,125.3,125.0,13004.0,2018,5,5,5
780,榴槤-進口,859,129.2,125.0,三重區,241,125.8,125.0,19698.0,2018,5,6,6
781,榴槤-進口,859,127.6,118.8,三重區,241,124.3,125.0,29460.0,2018,5,8,1
782,榴槤-進口,859,129.4,116.5,三重區,241,124.2,125.0,28708.0,2018,5,9,2
783,榴槤-進口,859,126.9,111.6,三重區,241,122.7,125.0,13688.0,2018,5,10,3
784,榴槤-進口,859,127.9,118.5,三重區,241,124.3,125.0,33166.0,2018,5,11,4
785,榴槤-進口,859,126.1,117.3,三重區,241,123.7,125.0,37488.0,2018,5,12,5
786,榴槤-進口,859,130.7,121.7,三重區,241,125.5,125.0,10684.0,2018,5,13,6
787,榴槤-進口,859,125.5,125.0,三重區,241,125.1,125.0,6264.0,2018,5,15,1
788,榴槤-進口,859,125.0,125.0,三重區,241,125.0,125.0,5868.0,2018,5,16,2
789,榴槤-進口,859,125.0,125.0,三重區,241,125.0,125.0,4260.0,2018,5,17,3
790,榴槤-進口,859,125.0,125.0,三重區,241,125.0,125.0,5316.0,2018,5,18,4
791,榴槤-進口,859,133.3,125.3,三重區,241,131.7,133.3,2658.0,2018,5,19,5
792,榴槤-進口,859,125.0,125.0,三重區,241,125.0,125.0,528.0,2018,5,20,6
793,榴槤-進口,859,125.0,125.0,三重區,241,125.0,125.0,576.0,2018,5,22,1
794,榴槤-進口,859,125.0,105.6,三重區,241,118.3,120.3,1830.0,2018,5,24,3
795,榴槤-進口,859,135.1,121.2,三重區,241,126.3,125.0,13664.0,2018,5,29,1
796,榴槤-進口,859,125.0,125.0,三重區,241,125.0,125.0,888.0,2018,5,30,2
797,榴槤-進口,859,125.0,125.0,三重區,241,125.0,125.0,2880.0,2018,5,31,3
798,榴槤-進口,859,125.0,125.0,三重區,241,125.0,125.0,2184.0,2018,6,1,4
799,榴槤-進口,859,125.0,125.0,三重區,241,125.0,125.0,1080.0,2018,6,2,5
800,榴槤-進口,859,130.3,121.1,三重區,241,125.3,125.0,8580.0,2018,6,3,6
801,榴槤-進口,859,131.3,125.0,三重區,241,126.3,125.0,12198.0,2018,6,5,1
802,榴槤-進口,859,125.0,125.0,三重區,241,125.0,125.0,72.0,2018,6,6,2
803,榴槤-進口,859,132.7,111.9,三重區,241,123.9,125.0,11442.0,2018,6,7,3
804,榴槤-進口,859,125.3,125.0,三重區,241,125.1,125.0,7738.0,2018,6,8,4
805,榴槤-進口,859,129.0,121.9,三重區,241,125.2,125.0,19574.0,2018,6,9,5
806,榴槤-進口,859,127.7,125.0,三重區,241,125.6,125.0,4610.0,2018,6,10,6
807,榴槤-進口,859,129.4,121.6,三重區,241,125.2,125.0,18140.0,2018,6,12,1
808,榴槤-進口,859,140.0,124.2,三重區,241,128.1,125.4,14704.0,2018,6,13,2
809,榴槤-進口,859,125.0,124.8,三重區,241,125.0,125.0,5254.0,2018,6,14,3
810,榴槤-進口,859,125.0,118.3,三重區,241,123.7,125.0,9162.0,2018,6,15,4
811,榴槤-進口,859,125.0,125.0,三重區,241,125.0,125.0,4140.0,2018,6,16,5
812,榴槤-進口,859,136.4,105.6,三重區,241,123.3,124.9,7946.0,2018,6,17,6
813,榴槤-進口,859,129.6,125.0,三重區,241,125.9,125.0,6144.0,2018,6,18,0
814,榴槤-進口,859,125.0,113.1,三重區,241,122.6,125.0,13938.0,2018,6,21,3
815,榴槤-進口,859,125.0,125.0,三重區,241,125.0,125.0,3168.0,2018,6,22,4
816,榴槤-進口,859,125.0,125.0,三重區,241,125.0,125.0,9108.0,2018,6,23,5
817,榴槤-進口,859,141.3,125.0,三重區,241,129.0,126.3,800.0,2018,6,24,6
818,榴槤-進口,859,126.0,125.0,三重區,241,125.2,125.0,11672.0,2018,6,26,1
819,榴槤-進口,859,125.0,125.0,三重區,241,125.0,125.0,3828.0,2018,6,27,2
820,榴槤-進口,859,125.0,125.0,三重區,241,125.0,125.0,3360.0,2018,6,28,3
821,榴槤-進口,859,125.0,125.0,三重區,241,125.0,125.0,7392.0,2018,6,29,4
822,榴槤-進口,859,125.2,125.0,三重區,241,125.0,125.0,8916.0,2018,7,3,1
823,榴槤-進口,859,125.0,125.0,三重區,241,125.0,125.0,4704.0,2018,7,4,2
824,榴槤-進口,859,125.0,125.0,三重區,241,125.0,125.0,4620.0,2018,7,6,4
825,榴槤-進口,859,125.0,125.0,三重區,241,125.0,125.0,4800.0,2018,7,10,1
826,榴槤-進口,859,125.0,125.0,三重區,241,125.0,125.0,60.0,2018,7,11,2
827,榴槤-進口,859,125.0,125.0,三重區,241,125.0,125.0,1680.0,2018,7,13,4
828,榴槤-進口,859,125.0,125.0,三重區,241,125.0,125.0,1248.0,2018,7,15,6
829,榴槤-進口,859,125.0,125.0,三重區,241,125.0,125.0,1968.0,2018,7,18,2
830,榴槤-進口,859,125.0,125.0,三重區,241,125.0,125.0,168.0,2018,7,19,3
831,榴槤-進口,859,125.0,110.9,三重區,241,122.2,125.0,3090.0,2018,7,21,5
832,榴槤-進口,859,125.0,125.0,三重區,241,125.0,125.0,264.0,2018,7,22,6
833,榴槤-進口,859,125.0,110.5,三重區,241,122.1,125.0,3006.0,2018,7,24,1
834,榴槤-進口,859,125.0,125.0,三重區,241,125.0,125.0,120.0,2018,7,25,2
835,榴槤-進口,859,125.0,125.0,三重區,241,125.0,125.0,120.0,2018,7,26,3
836,榴槤-進口,859,125.0,125.0,三重區,241,125.0,125.0,3540.0,2018,7,29,6
837,榴槤-進口,859,125.0,125.0,三重區,241,125.0,125.0,240.0,2018,7,31,1
838,榴槤-進口,859,125.0,125.0,三重區,241,125.0,125.0,5640.0,2018,8,1,2
839,榴槤-進口,859,125.0,117.0,三重區,241,123.4,125.0,2184.0,2018,8,2,3
840,榴槤-進口,859,125.0,125.0,三重區,241,125.0,125.0,5340.0,2018,8,3,4
841,榴槤-進口,859,125.0,125.0,三重區,241,125.0,125.0,672.0,2018,8,4,5
842,榴槤-進口,859,125.0,125.0,三重區,241,125.0,125.0,7536.0,2018,8,7,1
843,榴槤-進口,859,125.0,125.0,三重區,241,125.0,125.0,1200.0,2018,8,8,2
844,榴槤-進口,859,125.0,125.0,三重區,241,125.0,125.0,9372.0,2018,8,10,4
845,榴槤-進口,859,125.0,125.0,三重區,241,125.0,125.0,1920.0,2018,8,11,5
846,榴槤-進口,859,125.0,125.0,三重區,241,125.0,125.0,4800.0,2018,8,14,1
847,榴槤-進口,859,125.0,125.0,三重區,241,125.0,125.0,3120.0,2018,8,15,2
848,榴槤-進口,859,125.0,125.0,三重區,241,125.0,125.0,1164.0,2018,8,16,3
849,榴槤-進口,859,125.0,125.0,三重區,241,125.0,125.0,5508.0,2018,8,17,4
850,榴槤-進口,859,125.0,125.0,三重區,241,125.0,125.0,6540.0,2018,8,18,5
851,榴槤-進口,859,125.0,125.0,三重區,241,125.0,125.0,4104.0,2018,8,19,6
852,榴槤-進口,859,125.0,125.0,三重區,241,125.0,125.0,1200.0,2018,8,21,1
853,榴槤-進口,859,127.0,125.0,三重區,241,125.4,125.0,4160.0,2018,8,22,2
854,榴槤-進口,859,108.3,108.3,三重區,241,108.3,108.3,1440.0,2018,8,23,3
855,榴槤-進口,859,108.3,108.3,三重區,241,108.3,108.3,3000.0,2018,8,24,4
856,榴槤-進口,859,108.3,108.3,三重區,241,108.3,108.3,5160.0,2018,8,28,1
857,榴槤-進口,859,108.3,108.3,三重區,241,108.3,108.3,120.0,2018,8,29,2
858,榴槤-進口,859,108.3,108.3,三重區,241,108.3,108.3,4560.0,2018,8,30,3
859,榴槤-進口,859,108.3,108.3,三重區,241,108.3,108.3,4440.0,2018,8,31,4
860,榴槤-進口,859,108.3,108.3,三重區,241,108.3,108.3,5376.0,2018,9,4,1
861,榴槤-進口,859,108.3,108.3,三重區,241,108.3,108.3,5400.0,2018,9,5,2
862,榴槤-進口,859,108.3,108.3,三重區,241,108.3,108.3,960.0,2018,9,6,3
863,榴槤-進口,859,108.3,108.3,三重區,241,108.3,108.3,240.0,2018,9,8,5
864,榴槤-進口,859,108.3,108.3,三重區,241,108.3,108.3,216.0,2018,9,9,6
865,榴槤-進口,859,108.3,108.3,三重區,241,108.3,108.3,4404.0,2018,9,11,1
866,榴槤-進口,859,108.3,108.3,三重區,241,108.3,108.3,4536.0,2018,9,13,3
867,榴槤-進口,859,108.3,108.3,三重區,241,108.3,108.3,1200.0,2018,9,20,3
868,榴槤-進口,859,110.0,110.0,三重區,241,110.0,110.0,1460.0,2018,11,27,1
869,榴槤-進口,859,108.3,108.3,三重區,241,108.3,108.3,1440.0,2018,12,4,1
870,榴槤-進口,859,110.0,110.0,三重區,241,110.0,110.0,1690.0,2018,12,5,2
871,榴槤-進口,859,110.0,110.0,三重區,241,110.0,110.0,1960.0,2018,12,8,5
872,榴槤-進口,859,100.0,100.0,三重區,241,100.0,100.0,1560.0,2018,12,13,3
873,榴槤-進口,859,100.0,100.0,三重區,241,100.0,100.0,2076.0,2018,12,18,1
874,榴槤-進口,859,100.0,100.0,三重區,241,100.0,100.0,300.0,2018,12,20,3
875,榴槤-進口,859,125.0,125.0,三重區,241,125.0,125.0,1740.0,2018,12,21,4
876,榴槤-進口,859,159.5,125.0,三重區,241,131.9,125.0,420.0,2018,12,30,6
877,榴槤-進口,859,88.9,88.9,三重區,241,88.9,88.9,180.0,2019,1,4,4
