,date,無鉛汽油92,無鉛汽油95,無鉛汽油98,超級/高級柴油
0,2012-01-01,30.6,31.3,32.8,28.8
1,2012-01-02,30.6,31.3,32.8,28.8
2,2012-01-03,30.6,31.3,32.8,28.8
3,2012-01-04,30.6,31.3,32.8,28.8
4,2012-01-05,30.6,31.3,32.8,28.8
5,2012-01-06,30.6,31.3,32.8,28.8
6,2012-01-07,30.6,31.3,32.8,28.8
7,2012-01-08,30.6,31.3,32.8,28.8
8,2012-01-09,30.6,31.3,32.8,28.8
9,2012-01-10,30.6,31.3,32.8,28.8
10,2012-01-11,30.6,31.3,32.8,28.8
11,2012-01-12,30.6,31.3,32.8,28.8
12,2012-01-13,30.6,31.3,32.8,28.8
13,2012-01-14,30.6,31.3,32.8,28.8
14,2012-01-15,30.6,31.3,32.8,28.8
15,2012-01-16,30.6,31.3,32.8,28.8
16,2012-01-17,30.6,31.3,32.8,28.8
17,2012-01-18,30.6,31.3,32.8,28.8
18,2012-01-19,30.6,31.3,32.8,28.8
19,2012-01-20,30.6,31.3,32.8,28.8
20,2012-01-21,30.6,31.3,32.8,28.8
21,2012-01-22,30.6,31.3,32.8,28.8
22,2012-01-23,30.6,31.3,32.8,28.8
23,2012-01-24,30.6,31.3,32.8,28.8
24,2012-01-25,30.6,31.3,32.8,28.8
25,2012-01-26,30.6,31.3,32.8,28.8
26,2012-01-27,30.6,31.3,32.8,28.8
27,2012-01-28,30.6,31.3,32.8,28.8
28,2012-01-29,30.6,31.3,32.8,28.8
29,2012-01-30,30.6,31.3,32.8,28.8
30,2012-01-31,30.6,31.3,32.8,28.8
31,2012-02-01,30.6,31.3,32.8,28.8
32,2012-02-02,30.6,31.3,32.8,28.8
33,2012-02-03,30.6,31.3,32.8,28.8
34,2012-02-04,30.6,31.3,32.8,28.8
35,2012-02-05,30.6,31.3,32.8,28.8
36,2012-02-06,30.6,31.3,32.8,28.7
37,2012-02-07,30.6,31.3,32.8,28.7
38,2012-02-08,30.6,31.3,32.8,28.7
39,2012-02-09,30.6,31.3,32.8,28.7
40,2012-02-10,30.6,31.3,32.8,28.7
41,2012-02-11,30.6,31.3,32.8,28.7
42,2012-02-12,30.6,31.3,32.8,28.7
43,2012-02-13,31.0,31.7,33.2,29.1
44,2012-02-14,31.0,31.7,33.2,29.1
45,2012-02-15,31.0,31.7,33.2,29.1
46,2012-02-16,31.0,31.7,33.2,29.1
47,2012-02-17,31.0,31.7,33.2,29.1
48,2012-02-18,31.0,31.7,33.2,29.1
49,2012-02-19,31.0,31.7,33.2,29.1
50,2012-02-20,31.2,31.9,33.4,29.4
51,2012-02-21,31.2,31.9,33.4,29.4
52,2012-02-22,31.2,31.9,33.4,29.4
53,2012-02-23,31.2,31.9,33.4,29.4
54,2012-02-24,31.2,31.9,33.4,29.4
55,2012-02-25,31.2,31.9,33.4,29.4
56,2012-02-26,31.2,31.9,33.4,29.4
57,2012-02-27,31.5,32.2,33.7,29.7
58,2012-02-28,31.5,32.2,33.7,29.7
59,2012-02-29,31.5,32.2,33.7,29.7
60,2012-03-01,31.5,32.2,33.7,29.7
61,2012-03-02,31.5,32.2,33.7,29.7
62,2012-03-03,31.5,32.2,33.7,29.7
63,2012-03-04,31.5,32.2,33.7,29.7
64,2012-03-05,31.6,32.3,33.8,29.8
65,2012-03-06,31.6,32.3,33.8,29.8
66,2012-03-07,31.6,32.3,33.8,29.8
67,2012-03-08,31.6,32.3,33.8,29.8
68,2012-03-09,31.6,32.3,33.8,29.8
69,2012-03-10,31.6,32.3,33.8,29.8
70,2012-03-11,31.6,32.3,33.8,29.8
71,2012-03-12,31.7,32.4,33.9,29.9
72,2012-03-13,31.7,32.4,33.9,29.9
73,2012-03-14,31.7,32.4,33.9,29.9
74,2012-03-15,31.7,32.4,33.9,29.9
75,2012-03-16,31.7,32.4,33.9,29.9
76,2012-03-17,31.7,32.4,33.9,29.9
77,2012-03-18,31.7,32.4,33.9,29.9
78,2012-03-19,31.8,32.5,34.0,30.0
79,2012-03-20,31.8,32.5,34.0,30.0
80,2012-03-21,31.8,32.5,34.0,30.0
81,2012-03-22,31.8,32.5,34.0,30.0
82,2012-03-23,31.8,32.5,34.0,30.0
83,2012-03-24,31.8,32.5,34.0,30.0
84,2012-03-25,31.8,32.5,34.0,30.0
85,2012-03-26,31.7,32.4,33.9,29.9
86,2012-03-27,31.7,32.4,33.9,29.9
87,2012-03-28,31.7,32.4,33.9,29.9
88,2012-03-29,31.7,32.4,33.9,29.9
89,2012-03-30,31.7,32.4,33.9,29.9
90,2012-03-31,31.7,32.4,33.9,29.9
91,2012-04-01,31.7,32.4,33.9,29.9
92,2012-04-02,34.0,35.5,37.5,33.1
93,2012-04-03,34.0,35.5,37.5,33.1
94,2012-04-04,34.0,35.5,37.5,33.1
95,2012-04-05,34.0,35.5,37.5,33.1
96,2012-04-06,34.0,35.5,37.5,33.1
97,2012-04-07,34.0,35.5,37.5,33.1
98,2012-04-08,34.0,35.5,37.5,33.1
99,2012-04-09,33.9,35.4,37.4,33.0
100,2012-04-10,33.9,35.4,37.4,33.0
101,2012-04-11,33.9,35.4,37.4,33.0
102,2012-04-12,33.9,35.4,37.4,33.0
103,2012-04-13,33.9,35.4,37.4,33.0
104,2012-04-14,33.9,35.4,37.4,33.0
105,2012-04-15,33.9,35.4,37.4,33.0
106,2012-04-16,33.6,35.1,37.1,32.7
107,2012-04-17,33.6,35.1,37.1,32.7
108,2012-04-18,33.6,35.1,37.1,32.7
109,2012-04-19,33.6,35.1,37.1,32.7
110,2012-04-20,33.6,35.1,37.1,32.7
111,2012-04-21,33.6,35.1,37.1,32.7
112,2012-04-22,33.6,35.1,37.1,32.7
113,2012-04-23,33.3,34.8,36.8,32.4
114,2012-04-24,33.3,34.8,36.8,32.4
115,2012-04-25,33.3,34.8,36.8,32.4
116,2012-04-26,33.3,34.8,36.8,32.4
117,2012-04-27,33.3,34.8,36.8,32.4
118,2012-04-28,33.3,34.8,36.8,32.4
119,2012-04-29,33.3,34.8,36.8,32.4
120,2012-04-30,33.2,34.7,36.7,32.3
121,2012-05-01,33.2,34.7,36.7,32.3
122,2012-05-02,33.2,34.7,36.7,32.3
123,2012-05-03,33.2,34.7,36.7,32.3
124,2012-05-04,33.2,34.7,36.7,32.3
125,2012-05-05,33.2,34.7,36.7,32.3
126,2012-05-06,33.2,34.7,36.7,32.3
127,2012-05-07,33.1,34.6,36.6,32.2
128,2012-05-08,33.1,34.6,36.6,32.2
129,2012-05-09,33.1,34.6,36.6,32.2
130,2012-05-10,33.1,34.6,36.6,32.2
131,2012-05-11,33.1,34.6,36.6,32.2
132,2012-05-12,33.1,34.6,36.6,32.2
133,2012-05-13,33.1,34.6,36.6,32.2
134,2012-05-14,32.6,34.1,36.1,31.7
135,2012-05-15,32.6,34.1,36.1,31.7
136,2012-05-16,32.6,34.1,36.1,31.7
137,2012-05-17,32.6,34.1,36.1,31.7
138,2012-05-18,32.6,34.1,36.1,31.7
139,2012-05-19,32.6,34.1,36.1,31.7
140,2012-05-20,32.6,34.1,36.1,31.7
141,2012-05-21,32.5,34.0,36.0,31.5
142,2012-05-22,32.5,34.0,36.0,31.5
143,2012-05-23,32.5,34.0,36.0,31.5
144,2012-05-24,32.5,34.0,36.0,31.5
145,2012-05-25,32.5,34.0,36.0,31.5
146,2012-05-26,32.5,34.0,36.0,31.5
147,2012-05-27,32.5,34.0,36.0,31.5
148,2012-05-28,32.2,33.7,35.7,31.2
149,2012-05-29,32.2,33.7,35.7,31.2
150,2012-05-30,32.2,33.7,35.7,31.2
151,2012-05-31,32.2,33.7,35.7,31.2
152,2012-06-01,32.2,33.7,35.7,31.2
153,2012-06-02,32.2,33.7,35.7,31.2
154,2012-06-03,32.2,33.7,35.7,31.2
155,2012-06-04,32.0,33.5,35.5,31.0
156,2012-06-05,32.0,33.5,35.5,31.0
157,2012-06-06,32.0,33.5,35.5,31.0
158,2012-06-07,32.0,33.5,35.5,31.0
159,2012-06-08,32.0,33.5,35.5,31.0
160,2012-06-09,32.0,33.5,35.5,31.0
161,2012-06-10,32.0,33.5,35.5,31.0
162,2012-06-11,31.5,33.0,35.0,30.4
163,2012-06-12,31.5,33.0,35.0,30.4
164,2012-06-13,31.5,33.0,35.0,30.4
165,2012-06-14,31.5,33.0,35.0,30.4
166,2012-06-15,31.5,33.0,35.0,30.4
167,2012-06-16,31.5,33.0,35.0,30.4
168,2012-06-17,31.5,33.0,35.0,30.4
169,2012-06-18,31.4,32.9,34.9,30.3
170,2012-06-19,31.4,32.9,34.9,30.3
171,2012-06-20,31.4,32.9,34.9,30.3
172,2012-06-21,31.4,32.9,34.9,30.3
173,2012-06-22,31.4,32.9,34.9,30.3
174,2012-06-23,31.4,32.9,34.9,30.3
175,2012-06-24,31.4,32.9,34.9,30.3
176,2012-06-25,31.0,32.5,34.5,29.6
177,2012-06-26,31.0,32.5,34.5,29.6
178,2012-06-27,31.0,32.5,34.5,29.6
179,2012-06-28,31.0,32.5,34.5,29.6
180,2012-06-29,31.0,32.5,34.5,29.6
181,2012-06-30,31.0,32.5,34.5,29.6
182,2012-07-01,31.0,32.5,34.5,29.6
183,2012-07-02,30.8,32.3,34.3,29.4
184,2012-07-03,30.8,32.3,34.3,29.4
185,2012-07-04,30.8,32.3,34.3,29.4
186,2012-07-05,30.8,32.3,34.3,29.4
187,2012-07-06,30.8,32.3,34.3,29.4
188,2012-07-07,30.8,32.3,34.3,29.4
189,2012-07-08,30.8,32.3,34.3,29.4
190,2012-07-09,31.8,33.3,35.3,30.5
191,2012-07-10,31.8,33.3,35.3,30.5
192,2012-07-11,31.8,33.3,35.3,30.5
193,2012-07-12,31.8,33.3,35.3,30.5
194,2012-07-13,31.8,33.3,35.3,30.5
195,2012-07-14,31.8,33.3,35.3,30.5
196,2012-07-15,31.8,33.3,35.3,30.5
197,2012-07-16,32.0,33.5,35.5,30.7
198,2012-07-17,32.0,33.5,35.5,30.7
199,2012-07-18,32.0,33.5,35.5,30.7
200,2012-07-19,32.0,33.5,35.5,30.7
201,2012-07-20,32.0,33.5,35.5,30.7
202,2012-07-21,32.0,33.5,35.5,30.7
203,2012-07-22,32.0,33.5,35.5,30.7
204,2012-07-23,32.9,34.4,36.4,31.7
205,2012-07-24,32.9,34.4,36.4,31.7
206,2012-07-25,32.9,34.4,36.4,31.7
207,2012-07-26,32.9,34.4,36.4,31.7
208,2012-07-27,32.9,34.4,36.4,31.7
209,2012-07-28,32.9,34.4,36.4,31.7
210,2012-07-29,32.9,34.4,36.4,31.7
211,2012-07-30,32.8,34.3,36.3,31.6
212,2012-07-31,32.8,34.3,36.3,31.6
213,2012-08-01,32.8,34.3,36.3,31.6
214,2012-08-02,32.8,34.3,36.3,31.6
215,2012-08-03,32.8,34.3,36.3,31.6
216,2012-08-04,32.8,34.3,36.3,31.6
217,2012-08-05,32.8,34.3,36.3,31.6
218,2012-08-06,33.1,34.6,36.6,31.9
219,2012-08-07,33.1,34.6,36.6,31.9
220,2012-08-08,33.1,34.6,36.6,31.9
221,2012-08-09,33.1,34.6,36.6,31.9
222,2012-08-10,33.1,34.6,36.6,31.9
223,2012-08-11,33.1,34.6,36.6,31.9
224,2012-08-12,33.1,34.6,36.6,31.9
225,2012-08-13,33.9,35.4,37.4,32.8
226,2012-08-14,33.9,35.4,37.4,32.8
227,2012-08-15,33.9,35.4,37.4,32.8
228,2012-08-16,33.9,35.4,37.4,32.8
229,2012-08-17,33.9,35.4,37.4,32.8
230,2012-08-18,33.9,35.4,37.4,32.8
231,2012-08-19,33.9,35.4,37.4,32.8
232,2012-08-20,34.5,36.0,38.0,33.4
233,2012-08-21,34.5,36.0,38.0,33.4
234,2012-08-22,34.5,36.0,38.0,33.4
235,2012-08-23,34.5,36.0,38.0,33.4
236,2012-08-24,34.5,36.0,38.0,33.4
237,2012-08-25,34.5,36.0,38.0,33.4
238,2012-08-26,34.5,36.0,38.0,33.4
239,2012-08-27,34.8,36.3,38.3,33.8
240,2012-08-28,34.8,36.3,38.3,33.8
241,2012-08-29,34.8,36.3,38.3,33.8
242,2012-08-30,34.8,36.3,38.3,33.8
243,2012-08-31,34.8,36.3,38.3,33.8
244,2012-09-01,34.8,36.3,38.3,33.8
245,2012-09-02,34.8,36.3,38.3,33.8
246,2012-09-03,34.5,36.0,38.0,33.4
247,2012-09-04,34.5,36.0,38.0,33.4
248,2012-09-05,34.5,36.0,38.0,33.4
249,2012-09-06,34.5,36.0,38.0,33.4
250,2012-09-07,34.5,36.0,38.0,33.4
251,2012-09-08,34.5,36.0,38.0,33.4
252,2012-09-09,34.5,36.0,38.0,33.4
253,2012-09-10,34.7,36.2,38.2,33.6
254,2012-09-11,34.7,36.2,38.2,33.6
255,2012-09-12,34.7,36.2,38.2,33.6
256,2012-09-13,34.7,36.2,38.2,33.6
257,2012-09-14,34.7,36.2,38.2,33.6
258,2012-09-15,34.7,36.2,38.2,33.6
259,2012-09-16,34.7,36.2,38.2,33.6
260,2012-09-17,34.8,36.3,38.3,33.8
261,2012-09-18,34.8,36.3,38.3,33.8
262,2012-09-19,34.8,36.3,38.3,33.8
263,2012-09-20,34.8,36.3,38.3,33.8
264,2012-09-21,34.8,36.3,38.3,33.8
265,2012-09-22,34.8,36.3,38.3,33.8
266,2012-09-23,34.8,36.3,38.3,33.8
267,2012-09-24,34.0,35.5,37.5,32.9
268,2012-09-25,34.0,35.5,37.5,32.9
269,2012-09-26,34.0,35.5,37.5,32.9
270,2012-09-27,34.0,35.5,37.5,32.9
271,2012-09-28,34.0,35.5,37.5,32.9
272,2012-09-29,34.0,35.5,37.5,32.9
273,2012-09-30,34.0,35.5,37.5,32.9
274,2012-10-01,33.7,35.2,37.2,32.6
275,2012-10-02,33.7,35.2,37.2,32.6
276,2012-10-03,33.7,35.2,37.2,32.6
277,2012-10-04,33.7,35.2,37.2,32.6
278,2012-10-05,33.7,35.2,37.2,32.6
279,2012-10-06,33.7,35.2,37.2,32.6
280,2012-10-07,33.7,35.2,37.2,32.6
281,2012-10-08,33.7,35.2,37.2,32.6
282,2012-10-09,33.7,35.2,37.2,32.6
283,2012-10-10,33.7,35.2,37.2,32.6
284,2012-10-11,33.7,35.2,37.2,32.6
285,2012-10-12,33.7,35.2,37.2,32.6
286,2012-10-13,33.7,35.2,37.2,32.6
287,2012-10-14,33.7,35.2,37.2,32.6
288,2012-10-15,34.1,35.6,37.6,33.0
289,2012-10-16,34.1,35.6,37.6,33.0
290,2012-10-17,34.1,35.6,37.6,33.0
291,2012-10-18,34.1,35.6,37.6,33.0
292,2012-10-19,34.1,35.6,37.6,33.0
293,2012-10-20,34.1,35.6,37.6,33.0
294,2012-10-21,34.1,35.6,37.6,33.0
295,2012-10-22,34.0,35.5,37.5,32.9
296,2012-10-23,34.0,35.5,37.5,32.9
297,2012-10-24,34.0,35.5,37.5,32.9
298,2012-10-25,34.0,35.5,37.5,32.9
299,2012-10-26,34.0,35.5,37.5,32.9
300,2012-10-27,34.0,35.5,37.5,32.9
301,2012-10-28,34.0,35.5,37.5,32.9
302,2012-10-29,33.4,34.9,36.9,32.2
303,2012-10-30,33.4,34.9,36.9,32.2
304,2012-10-31,33.4,34.9,36.9,32.2
305,2012-11-01,33.4,34.9,36.9,32.2
306,2012-11-02,33.4,34.9,36.9,32.2
307,2012-11-03,33.4,34.9,36.9,32.2
308,2012-11-04,33.4,34.9,36.9,32.2
309,2012-11-05,33.3,34.8,36.8,32.1
310,2012-11-06,33.3,34.8,36.8,32.1
311,2012-11-07,33.3,34.8,36.8,32.1
312,2012-11-08,33.3,34.8,36.8,32.1
313,2012-11-09,33.3,34.8,36.8,32.1
314,2012-11-10,33.3,34.8,36.8,32.1
315,2012-11-11,33.3,34.8,36.8,32.1
316,2012-11-12,33.0,34.5,36.5,31.8
317,2012-11-13,33.0,34.5,36.5,31.8
318,2012-11-14,33.0,34.5,36.5,31.8
319,2012-11-15,33.0,34.5,36.5,31.8
320,2012-11-16,33.0,34.5,36.5,31.8
321,2012-11-17,33.0,34.5,36.5,31.8
322,2012-11-18,33.0,34.5,36.5,31.8
323,2012-11-19,33.2,34.7,36.7,32.0
324,2012-11-20,33.2,34.7,36.7,32.0
325,2012-11-21,33.2,34.7,36.7,32.0
326,2012-11-22,33.2,34.7,36.7,32.0
327,2012-11-23,33.2,34.7,36.7,32.0
328,2012-11-24,33.2,34.7,36.7,32.0
329,2012-11-25,33.2,34.7,36.7,32.0
330,2012-11-26,33.6,35.1,37.1,32.4
331,2012-11-27,33.6,35.1,37.1,32.4
332,2012-11-28,33.6,35.1,37.1,32.4
333,2012-11-29,33.6,35.1,37.1,32.4
334,2012-11-30,33.6,35.1,37.1,32.4
335,2012-12-01,33.6,35.1,37.1,32.4
336,2012-12-02,33.6,35.1,37.1,32.4
337,2012-12-03,33.5,35.0,37.0,32.3
338,2012-12-04,33.5,35.0,37.0,32.3
339,2012-12-05,33.5,35.0,37.0,32.3
340,2012-12-06,33.5,35.0,37.0,32.3
341,2012-12-07,33.5,35.0,37.0,32.3
342,2012-12-08,33.5,35.0,37.0,32.3
343,2012-12-09,33.5,35.0,37.0,32.3
344,2012-12-10,33.2,34.7,36.7,32.0
345,2012-12-11,33.2,34.7,36.7,32.0
346,2012-12-12,33.2,34.7,36.7,32.0
347,2012-12-13,33.2,34.7,36.7,32.0
348,2012-12-14,33.2,34.7,36.7,32.0
349,2012-12-15,33.2,34.7,36.7,32.0
350,2012-12-16,33.2,34.7,36.7,32.0
351,2012-12-17,32.9,34.4,36.4,31.8
352,2012-12-18,32.9,34.4,36.4,31.8
353,2012-12-19,32.9,34.4,36.4,31.8
354,2012-12-20,32.9,34.4,36.4,31.8
355,2012-12-21,32.9,34.4,36.4,31.8
356,2012-12-22,32.9,34.4,36.4,31.8
357,2012-12-23,32.9,34.4,36.4,31.8
358,2012-12-24,33.2,34.7,36.7,32.0
359,2012-12-25,33.2,34.7,36.7,32.0
360,2012-12-26,33.2,34.7,36.7,32.0
361,2012-12-27,33.2,34.7,36.7,32.0
362,2012-12-28,33.2,34.7,36.7,32.0
363,2012-12-29,33.2,34.7,36.7,32.0
364,2012-12-30,33.2,34.7,36.7,32.0
365,2012-12-31,33.3,34.8,36.8,32.1
366,2013-01-01,33.3,34.8,36.8,32.1
367,2013-01-02,33.3,34.8,36.8,32.1
368,2013-01-03,33.3,34.8,36.8,32.1
369,2013-01-04,33.3,34.8,36.8,32.1
370,2013-01-05,33.3,34.8,36.8,32.1
371,2013-01-06,33.3,34.8,36.8,32.1
372,2013-01-07,33.5,35.0,37.0,32.3
373,2013-01-08,33.5,35.0,37.0,32.3
374,2013-01-09,33.5,35.0,37.0,32.3
375,2013-01-10,33.5,35.0,37.0,32.3
376,2013-01-11,33.5,35.0,37.0,32.3
377,2013-01-12,33.5,35.0,37.0,32.3
378,2013-01-13,33.5,35.0,37.0,32.3
379,2013-01-14,33.5,35.0,37.0,32.3
380,2013-01-15,33.5,35.0,37.0,32.3
381,2013-01-16,33.5,35.0,37.0,32.3
382,2013-01-17,33.5,35.0,37.0,32.3
383,2013-01-18,33.5,35.0,37.0,32.3
384,2013-01-19,33.5,35.0,37.0,32.3
385,2013-01-20,33.5,35.0,37.0,32.3
386,2013-01-21,33.3,34.8,36.8,32.2
387,2013-01-22,33.3,34.8,36.8,32.2
388,2013-01-23,33.3,34.8,36.8,32.2
389,2013-01-24,33.3,34.8,36.8,32.2
390,2013-01-25,33.3,34.8,36.8,32.2
391,2013-01-26,33.3,34.8,36.8,32.2
392,2013-01-27,33.3,34.8,36.8,32.2
393,2013-01-28,33.6,35.1,37.1,32.5
394,2013-01-29,33.6,35.1,37.1,32.5
395,2013-01-30,33.6,35.1,37.1,32.5
396,2013-01-31,33.6,35.1,37.1,32.5
397,2013-02-01,33.6,35.1,37.1,32.5
398,2013-02-02,33.6,35.1,37.1,32.5
399,2013-02-03,33.6,35.1,37.1,32.5
400,2013-02-04,34.2,35.7,37.7,33.1
401,2013-02-05,34.2,35.7,37.7,33.1
402,2013-02-06,34.2,35.7,37.7,33.1
403,2013-02-07,34.2,35.7,37.7,33.1
404,2013-02-08,34.2,35.7,37.7,33.1
405,2013-02-09,34.2,35.7,37.7,33.1
406,2013-02-10,34.2,35.7,37.7,33.1
407,2013-02-11,34.6,36.1,38.1,33.6
408,2013-02-12,34.6,36.1,38.1,33.6
409,2013-02-13,34.6,36.1,38.1,33.6
410,2013-02-14,34.6,36.1,38.1,33.6
411,2013-02-15,34.6,36.1,38.1,33.6
412,2013-02-16,34.6,36.1,38.1,33.6
413,2013-02-17,34.6,36.1,38.1,33.6
414,2013-02-18,34.9,36.4,38.4,33.8
415,2013-02-19,34.9,36.4,38.4,33.8
416,2013-02-20,34.9,36.4,38.4,33.8
417,2013-02-21,34.9,36.4,38.4,33.8
418,2013-02-22,34.9,36.4,38.4,33.8
419,2013-02-23,34.9,36.4,38.4,33.8
420,2013-02-24,34.9,36.4,38.4,33.8
421,2013-02-25,34.5,36.0,38.0,33.5
422,2013-02-26,34.5,36.0,38.0,33.5
423,2013-02-27,34.5,36.0,38.0,33.5
424,2013-02-28,34.5,36.0,38.0,33.5
425,2013-03-01,34.5,36.0,38.0,33.5
426,2013-03-02,34.5,36.0,38.0,33.5
427,2013-03-03,34.5,36.0,38.0,33.5
428,2013-03-04,33.9,35.4,37.4,32.8
429,2013-03-05,33.9,35.4,37.4,32.8
430,2013-03-06,33.9,35.4,37.4,32.8
431,2013-03-07,33.9,35.4,37.4,32.8
432,2013-03-08,33.9,35.4,37.4,32.8
433,2013-03-09,33.9,35.4,37.4,32.8
434,2013-03-10,33.9,35.4,37.4,32.8
435,2013-03-11,33.5,35.0,37.0,32.4
436,2013-03-12,33.5,35.0,37.0,32.4
437,2013-03-13,33.5,35.0,37.0,32.4
438,2013-03-14,33.5,35.0,37.0,32.4
439,2013-03-15,33.5,35.0,37.0,32.4
440,2013-03-16,33.5,35.0,37.0,32.4
441,2013-03-17,33.5,35.0,37.0,32.4
442,2013-03-18,33.4,34.9,36.9,32.3
443,2013-03-19,33.4,34.9,36.9,32.3
444,2013-03-20,33.4,34.9,36.9,32.3
445,2013-03-21,33.4,34.9,36.9,32.3
446,2013-03-22,33.4,34.9,36.9,32.3
447,2013-03-23,33.4,34.9,36.9,32.3
448,2013-03-24,33.4,34.9,36.9,32.3
449,2013-03-25,33.3,34.8,36.8,32.2
450,2013-03-26,33.3,34.8,36.8,32.2
451,2013-03-27,33.3,34.8,36.8,32.2
452,2013-03-28,33.3,34.8,36.8,32.2
453,2013-03-29,33.3,34.8,36.8,32.2
454,2013-03-30,33.3,34.8,36.8,32.2
455,2013-03-31,33.3,34.8,36.8,32.2
456,2013-04-01,33.5,35.0,37.0,32.4
457,2013-04-02,33.5,35.0,37.0,32.4
458,2013-04-03,33.5,35.0,37.0,32.4
459,2013-04-04,33.5,35.0,37.0,32.4
460,2013-04-05,33.5,35.0,37.0,32.4
461,2013-04-06,33.5,35.0,37.0,32.4
462,2013-04-07,33.5,35.0,37.0,32.4
463,2013-04-08,33.6,35.1,37.1,32.4
464,2013-04-09,33.6,35.1,37.1,32.4
465,2013-04-10,33.6,35.1,37.1,32.4
466,2013-04-11,33.6,35.1,37.1,32.4
467,2013-04-12,33.6,35.1,37.1,32.4
468,2013-04-13,33.6,35.1,37.1,32.4
469,2013-04-14,33.6,35.1,37.1,32.4
470,2013-04-15,33.0,34.5,36.5,31.8
471,2013-04-16,33.0,34.5,36.5,31.8
472,2013-04-17,33.0,34.5,36.5,31.8
473,2013-04-18,33.0,34.5,36.5,31.8
474,2013-04-19,33.0,34.5,36.5,31.8
475,2013-04-20,33.0,34.5,36.5,31.8
476,2013-04-21,33.0,34.5,36.5,31.8
477,2013-04-22,32.0,33.5,35.5,30.7
478,2013-04-23,32.0,33.5,35.5,30.7
479,2013-04-24,32.0,33.5,35.5,30.7
480,2013-04-25,32.0,33.5,35.5,30.7
481,2013-04-26,32.0,33.5,35.5,30.7
482,2013-04-27,32.0,33.5,35.5,30.7
483,2013-04-28,32.0,33.5,35.5,30.7
484,2013-04-29,32.3,33.8,35.8,31.0
485,2013-04-30,32.3,33.8,35.8,31.0
486,2013-05-01,32.3,33.8,35.8,31.0
487,2013-05-02,32.3,33.8,35.8,31.0
488,2013-05-03,32.3,33.8,35.8,31.0
489,2013-05-04,32.3,33.8,35.8,31.0
490,2013-05-05,32.3,33.8,35.8,31.0
491,2013-05-06,32.3,33.8,35.8,31.0
492,2013-05-07,32.3,33.8,35.8,31.0
493,2013-05-08,32.3,33.8,35.8,31.0
494,2013-05-09,32.3,33.8,35.8,31.0
495,2013-05-10,32.3,33.8,35.8,31.0
496,2013-05-11,32.3,33.8,35.8,31.0
497,2013-05-12,32.3,33.8,35.8,31.0
498,2013-05-13,32.6,34.1,36.1,31.3
499,2013-05-14,32.6,34.1,36.1,31.3
500,2013-05-15,32.6,34.1,36.1,31.3
501,2013-05-16,32.6,34.1,36.1,31.3
502,2013-05-17,32.6,34.1,36.1,31.3
503,2013-05-18,32.6,34.1,36.1,31.3
504,2013-05-19,32.6,34.1,36.1,31.3
505,2013-05-20,32.6,34.1,36.1,31.4
506,2013-05-21,32.6,34.1,36.1,31.4
507,2013-05-22,32.6,34.1,36.1,31.4
508,2013-05-23,32.6,34.1,36.1,31.4
509,2013-05-24,32.6,34.1,36.1,31.4
510,2013-05-25,32.6,34.1,36.1,31.4
511,2013-05-26,32.6,34.1,36.1,31.4
512,2013-05-27,32.6,34.1,36.1,31.4
513,2013-05-28,32.6,34.1,36.1,31.4
514,2013-05-29,32.6,34.1,36.1,31.4
515,2013-05-30,32.6,34.1,36.1,31.4
516,2013-05-31,32.6,34.1,36.1,31.4
517,2013-06-01,32.6,34.1,36.1,31.4
518,2013-06-02,32.6,34.1,36.1,31.4
519,2013-06-03,32.5,34.0,36.0,31.3
520,2013-06-04,32.5,34.0,36.0,31.3
521,2013-06-05,32.5,34.0,36.0,31.3
522,2013-06-06,32.5,34.0,36.0,31.3
523,2013-06-07,32.5,34.0,36.0,31.3
524,2013-06-08,32.5,34.0,36.0,31.3
525,2013-06-09,32.5,34.0,36.0,31.3
526,2013-06-10,32.5,34.0,36.0,31.2
527,2013-06-11,32.5,34.0,36.0,31.2
528,2013-06-12,32.5,34.0,36.0,31.2
529,2013-06-13,32.5,34.0,36.0,31.2
530,2013-06-14,32.5,34.0,36.0,31.2
531,2013-06-15,32.5,34.0,36.0,31.2
532,2013-06-16,32.5,34.0,36.0,31.2
533,2013-06-17,32.8,34.3,36.3,31.5
534,2013-06-18,32.8,34.3,36.3,31.5
535,2013-06-19,32.8,34.3,36.3,31.5
536,2013-06-20,32.8,34.3,36.3,31.5
537,2013-06-21,32.8,34.3,36.3,31.5
538,2013-06-22,32.8,34.3,36.3,31.5
539,2013-06-23,32.8,34.3,36.3,31.5
540,2013-06-24,33.0,34.5,36.5,31.8
541,2013-06-25,33.0,34.5,36.5,31.8
542,2013-06-26,33.0,34.5,36.5,31.8
543,2013-06-27,33.0,34.5,36.5,31.8
544,2013-06-28,33.0,34.5,36.5,31.8
545,2013-06-29,33.0,34.5,36.5,31.8
546,2013-06-30,33.0,34.5,36.5,31.8
547,2013-07-01,32.5,34.0,36.0,31.3
548,2013-07-02,32.5,34.0,36.0,31.3
549,2013-07-03,32.5,34.0,36.0,31.3
550,2013-07-04,32.5,34.0,36.0,31.3
551,2013-07-05,32.5,34.0,36.0,31.3
552,2013-07-06,32.5,34.0,36.0,31.3
553,2013-07-07,32.5,34.0,36.0,31.3
554,2013-07-08,32.9,34.4,36.4,31.7
555,2013-07-09,32.9,34.4,36.4,31.7
556,2013-07-10,32.9,34.4,36.4,31.7
557,2013-07-11,32.9,34.4,36.4,31.7
558,2013-07-12,32.9,34.4,36.4,31.7
559,2013-07-13,32.9,34.4,36.4,31.7
560,2013-07-14,32.9,34.4,36.4,31.7
561,2013-07-15,33.4,34.9,36.9,32.2
562,2013-07-16,33.4,34.9,36.9,32.2
563,2013-07-17,33.4,34.9,36.9,32.2
564,2013-07-18,33.4,34.9,36.9,32.2
565,2013-07-19,33.4,34.9,36.9,32.2
566,2013-07-20,33.4,34.9,36.9,32.2
567,2013-07-21,33.4,34.9,36.9,32.2
568,2013-07-22,33.5,35.0,37.0,32.4
569,2013-07-23,33.5,35.0,37.0,32.4
570,2013-07-24,33.5,35.0,37.0,32.4
571,2013-07-25,33.5,35.0,37.0,32.4
572,2013-07-26,33.5,35.0,37.0,32.4
573,2013-07-27,33.5,35.0,37.0,32.4
574,2013-07-28,33.5,35.0,37.0,32.4
575,2013-07-29,33.5,35.0,37.0,32.4
576,2013-07-30,33.5,35.0,37.0,32.4
577,2013-07-31,33.5,35.0,37.0,32.4
578,2013-08-01,33.5,35.0,37.0,32.4
579,2013-08-02,33.5,35.0,37.0,32.4
580,2013-08-03,33.5,35.0,37.0,32.4
581,2013-08-04,33.5,35.0,37.0,32.4
582,2013-08-05,33.6,35.1,37.1,32.4
583,2013-08-06,33.6,35.1,37.1,32.4
584,2013-08-07,33.6,35.1,37.1,32.4
585,2013-08-08,33.6,35.1,37.1,32.4
586,2013-08-09,33.6,35.1,37.1,32.4
587,2013-08-10,33.6,35.1,37.1,32.4
588,2013-08-11,33.6,35.1,37.1,32.4
589,2013-08-12,33.5,35.0,37.0,32.3
590,2013-08-13,33.5,35.0,37.0,32.3
591,2013-08-14,33.5,35.0,37.0,32.3
592,2013-08-15,33.5,35.0,37.0,32.3
593,2013-08-16,33.5,35.0,37.0,32.3
594,2013-08-17,33.5,35.0,37.0,32.3
595,2013-08-18,33.5,35.0,37.0,32.3
596,2013-08-19,33.8,35.3,37.3,32.7
597,2013-08-20,33.8,35.3,37.3,32.7
598,2013-08-21,33.8,35.3,37.3,32.7
599,2013-08-22,33.8,35.3,37.3,32.7
600,2013-08-23,33.8,35.3,37.3,32.7
601,2013-08-24,33.8,35.3,37.3,32.7
602,2013-08-25,33.8,35.3,37.3,32.7
603,2013-08-26,34.0,35.5,37.5,32.9
604,2013-08-27,34.0,35.5,37.5,32.9
605,2013-08-28,34.0,35.5,37.5,32.9
606,2013-08-29,34.0,35.5,37.5,32.9
607,2013-08-30,34.0,35.5,37.5,32.9
608,2013-08-31,34.0,35.5,37.5,32.9
609,2013-09-01,34.0,35.5,37.5,32.9
610,2013-09-02,34.7,36.2,38.2,33.6
611,2013-09-03,34.7,36.2,38.2,33.6
612,2013-09-04,34.7,36.2,38.2,33.6
613,2013-09-05,34.7,36.2,38.2,33.6
614,2013-09-06,34.7,36.2,38.2,33.6
615,2013-09-07,34.7,36.2,38.2,33.6
616,2013-09-08,34.7,36.2,38.2,33.6
617,2013-09-09,34.5,36.0,38.0,33.5
618,2013-09-10,34.5,36.0,38.0,33.5
619,2013-09-11,34.5,36.0,38.0,33.5
620,2013-09-12,34.5,36.0,38.0,33.5
621,2013-09-13,34.5,36.0,38.0,33.5
622,2013-09-14,34.5,36.0,38.0,33.5
623,2013-09-15,34.5,36.0,38.0,33.5
624,2013-09-16,34.2,35.7,37.7,33.2
625,2013-09-17,34.2,35.7,37.7,33.2
626,2013-09-18,34.2,35.7,37.7,33.2
627,2013-09-19,34.2,35.7,37.7,33.2
628,2013-09-20,34.2,35.7,37.7,33.2
629,2013-09-21,34.2,35.7,37.7,33.2
630,2013-09-22,34.2,35.7,37.7,33.2
631,2013-09-23,33.9,35.4,37.4,32.8
632,2013-09-24,33.9,35.4,37.4,32.8
633,2013-09-25,33.9,35.4,37.4,32.8
634,2013-09-26,33.9,35.4,37.4,32.8
635,2013-09-27,33.9,35.4,37.4,32.8
636,2013-09-28,33.9,35.4,37.4,32.8
637,2013-09-29,33.9,35.4,37.4,32.8
638,2013-09-30,33.5,35.0,37.0,32.4
639,2013-10-01,33.5,35.0,37.0,32.4
640,2013-10-02,33.5,35.0,37.0,32.4
641,2013-10-03,33.5,35.0,37.0,32.4
642,2013-10-04,33.5,35.0,37.0,32.4
643,2013-10-05,33.5,35.0,37.0,32.4
644,2013-10-06,33.5,35.0,37.0,32.4
645,2013-10-07,33.3,34.8,36.8,32.2
646,2013-10-08,33.3,34.8,36.8,32.2
647,2013-10-09,33.3,34.8,36.8,32.2
648,2013-10-10,33.3,34.8,36.8,32.2
649,2013-10-11,33.3,34.8,36.8,32.2
650,2013-10-12,33.3,34.8,36.8,32.2
651,2013-10-13,33.3,34.8,36.8,32.2
652,2013-10-14,33.6,35.1,37.1,32.4
653,2013-10-15,33.6,35.1,37.1,32.4
654,2013-10-16,33.6,35.1,37.1,32.4
655,2013-10-17,33.6,35.1,37.1,32.4
656,2013-10-18,33.6,35.1,37.1,32.4
657,2013-10-19,33.6,35.1,37.1,32.4
658,2013-10-20,33.6,35.1,37.1,32.4
659,2013-10-21,33.6,35.1,37.1,32.4
660,2013-10-22,33.6,35.1,37.1,32.4
661,2013-10-23,33.6,35.1,37.1,32.4
662,2013-10-24,33.6,35.1,37.1,32.4
663,2013-10-25,33.6,35.1,37.1,32.4
664,2013-10-26,33.6,35.1,37.1,32.4
665,2013-10-27,33.6,35.1,37.1,32.4
666,2013-10-28,33.4,34.9,36.9,32.2
667,2013-10-29,33.4,34.9,36.9,32.2
668,2013-10-30,33.4,34.9,36.9,32.2
669,2013-10-31,33.4,34.9,36.9,32.2
670,2013-11-01,33.4,34.9,36.9,32.2
671,2013-11-02,33.4,34.9,36.9,32.2
672,2013-11-03,33.4,34.9,36.9,32.2
673,2013-11-04,33.4,34.9,36.9,32.2
674,2013-11-05,33.4,34.9,36.9,32.2
675,2013-11-06,33.4,34.9,36.9,32.2
676,2013-11-07,33.4,34.9,36.9,32.2
677,2013-11-08,33.4,34.9,36.9,32.2
678,2013-11-09,33.4,34.9,36.9,32.2
679,2013-11-10,33.4,34.9,36.9,32.2
680,2013-11-11,32.9,34.4,36.4,31.7
681,2013-11-12,32.9,34.4,36.4,31.7
682,2013-11-13,32.9,34.4,36.4,31.7
683,2013-11-14,32.9,34.4,36.4,31.7
684,2013-11-15,32.9,34.4,36.4,31.7
685,2013-11-16,32.9,34.4,36.4,31.7
686,2013-11-17,32.9,34.4,36.4,31.7
687,2013-11-18,33.2,34.7,36.7,32.0
688,2013-11-19,33.2,34.7,36.7,32.0
689,2013-11-20,33.2,34.7,36.7,32.0
690,2013-11-21,33.2,34.7,36.7,32.0
691,2013-11-22,33.2,34.7,36.7,32.0
692,2013-11-23,33.2,34.7,36.7,32.0
693,2013-11-24,33.2,34.7,36.7,32.0
694,2013-11-25,33.5,35.0,37.0,32.3
695,2013-11-26,33.5,35.0,37.0,32.3
696,2013-11-27,33.5,35.0,37.0,32.3
697,2013-11-28,33.5,35.0,37.0,32.3
698,2013-11-29,33.5,35.0,37.0,32.3
699,2013-11-30,33.5,35.0,37.0,32.3
700,2013-12-01,33.5,35.0,37.0,32.3
701,2013-12-02,33.9,35.4,37.4,32.8
702,2013-12-03,33.9,35.4,37.4,32.8
703,2013-12-04,33.9,35.4,37.4,32.8
704,2013-12-05,33.9,35.4,37.4,32.8
705,2013-12-06,33.9,35.4,37.4,32.8
706,2013-12-07,33.9,35.4,37.4,32.8
707,2013-12-08,33.9,35.4,37.4,32.8
708,2013-12-09,33.9,35.4,37.4,32.9
709,2013-12-10,33.9,35.4,37.4,32.9
710,2013-12-11,33.9,35.4,37.4,32.9
711,2013-12-12,33.9,35.4,37.4,32.9
712,2013-12-13,33.9,35.4,37.4,32.9
713,2013-12-14,33.9,35.4,37.4,32.9
714,2013-12-15,33.9,35.4,37.4,32.9
715,2013-12-16,33.6,35.1,37.1,32.5
716,2013-12-17,33.6,35.1,37.1,32.5
717,2013-12-18,33.6,35.1,37.1,32.5
718,2013-12-19,33.6,35.1,37.1,32.5
719,2013-12-20,33.6,35.1,37.1,32.5
720,2013-12-21,33.6,35.1,37.1,32.5
721,2013-12-22,33.6,35.1,37.1,32.5
722,2013-12-23,33.8,35.3,37.3,32.7
723,2013-12-24,33.8,35.3,37.3,32.7
724,2013-12-25,33.8,35.3,37.3,32.7
725,2013-12-26,33.8,35.3,37.3,32.7
726,2013-12-27,33.8,35.3,37.3,32.7
727,2013-12-28,33.8,35.3,37.3,32.7
728,2013-12-29,33.8,35.3,37.3,32.7
729,2013-12-30,34.3,35.8,37.8,33.2
730,2013-12-31,34.3,35.8,37.8,33.2
731,2014-01-01,34.3,35.8,37.8,33.2
732,2014-01-02,34.3,35.8,37.8,33.2
733,2014-01-03,34.3,35.8,37.8,33.2
734,2014-01-04,34.3,35.8,37.8,33.2
735,2014-01-05,34.3,35.8,37.8,33.2
736,2014-01-06,33.9,35.4,37.4,32.8
737,2014-01-07,33.9,35.4,37.4,32.8
738,2014-01-08,33.9,35.4,37.4,32.8
739,2014-01-09,33.9,35.4,37.4,32.8
740,2014-01-10,33.9,35.4,37.4,32.8
741,2014-01-11,33.9,35.4,37.4,32.8
742,2014-01-12,33.9,35.4,37.4,32.8
743,2014-01-13,33.5,35.0,37.0,32.4
744,2014-01-14,33.5,35.0,37.0,32.4
745,2014-01-15,33.5,35.0,37.0,32.4
746,2014-01-16,33.5,35.0,37.0,32.4
747,2014-01-17,33.5,35.0,37.0,32.4
748,2014-01-18,33.5,35.0,37.0,32.4
749,2014-01-19,33.5,35.0,37.0,32.4
750,2014-01-20,33.4,34.9,36.9,32.2
751,2014-01-21,33.4,34.9,36.9,32.2
752,2014-01-22,33.4,34.9,36.9,32.2
753,2014-01-23,33.4,34.9,36.9,32.2
754,2014-01-24,33.4,34.9,36.9,32.2
755,2014-01-25,33.4,34.9,36.9,32.2
756,2014-01-26,33.4,34.9,36.9,32.2
757,2014-01-27,33.7,35.2,37.2,32.6
758,2014-01-28,33.7,35.2,37.2,32.6
759,2014-01-29,33.7,35.2,37.2,32.6
760,2014-01-30,33.7,35.2,37.2,32.6
761,2014-01-31,33.7,35.2,37.2,32.6
762,2014-02-01,33.7,35.2,37.2,32.6
763,2014-02-02,33.7,35.2,37.2,32.6
764,2014-02-03,33.7,35.2,37.2,32.6
765,2014-02-04,33.7,35.2,37.2,32.6
766,2014-02-05,33.7,35.2,37.2,32.6
767,2014-02-06,33.7,35.2,37.2,32.6
768,2014-02-07,33.7,35.2,37.2,32.6
769,2014-02-08,33.7,35.2,37.2,32.6
770,2014-02-09,33.7,35.2,37.2,32.6
771,2014-02-10,33.4,34.9,36.9,32.3
772,2014-02-11,33.4,34.9,36.9,32.3
773,2014-02-12,33.4,34.9,36.9,32.3
774,2014-02-13,33.4,34.9,36.9,32.3
775,2014-02-14,33.4,34.9,36.9,32.3
776,2014-02-15,33.4,34.9,36.9,32.3
777,2014-02-16,33.4,34.9,36.9,32.3
778,2014-02-17,33.8,35.3,37.3,32.7
779,2014-02-18,33.8,35.3,37.3,32.7
780,2014-02-19,33.8,35.3,37.3,32.7
781,2014-02-20,33.8,35.3,37.3,32.7
782,2014-02-21,33.8,35.3,37.3,32.7
783,2014-02-22,33.8,35.3,37.3,32.7
784,2014-02-23,33.8,35.3,37.3,32.7
785,2014-02-24,34.0,35.5,37.5,32.9
786,2014-02-25,34.0,35.5,37.5,32.9
787,2014-02-26,34.0,35.5,37.5,32.9
788,2014-02-27,34.0,35.5,37.5,32.9
789,2014-02-28,34.0,35.5,37.5,32.9
790,2014-03-01,34.0,35.5,37.5,32.9
791,2014-03-02,34.0,35.5,37.5,32.9
792,2014-03-03,33.9,35.4,37.4,32.9
793,2014-03-04,33.9,35.4,37.4,32.9
794,2014-03-05,33.9,35.4,37.4,32.9
795,2014-03-06,33.9,35.4,37.4,32.9
796,2014-03-07,33.9,35.4,37.4,32.9
797,2014-03-08,33.9,35.4,37.4,32.9
798,2014-03-09,33.9,35.4,37.4,32.9
799,2014-03-10,33.9,35.4,37.4,32.7
800,2014-03-11,33.9,35.4,37.4,32.7
801,2014-03-12,33.9,35.4,37.4,32.7
802,2014-03-13,33.9,35.4,37.4,32.7
803,2014-03-14,33.9,35.4,37.4,32.7
804,2014-03-15,33.9,35.4,37.4,32.7
805,2014-03-16,33.9,35.4,37.4,32.7
806,2014-03-17,33.6,35.1,37.1,32.5
807,2014-03-18,33.6,35.1,37.1,32.5
808,2014-03-19,33.6,35.1,37.1,32.5
809,2014-03-20,33.6,35.1,37.1,32.5
810,2014-03-21,33.6,35.1,37.1,32.5
811,2014-03-22,33.6,35.1,37.1,32.5
812,2014-03-23,33.6,35.1,37.1,32.5
813,2014-03-24,33.6,35.1,37.1,32.4
814,2014-03-25,33.6,35.1,37.1,32.4
815,2014-03-26,33.6,35.1,37.1,32.4
816,2014-03-27,33.6,35.1,37.1,32.4
817,2014-03-28,33.6,35.1,37.1,32.4
818,2014-03-29,33.6,35.1,37.1,32.4
819,2014-03-30,33.6,35.1,37.1,32.4
820,2014-03-31,33.7,35.2,37.2,32.6
821,2014-04-01,33.7,35.2,37.2,32.6
822,2014-04-02,33.7,35.2,37.2,32.6
823,2014-04-03,33.7,35.2,37.2,32.6
824,2014-04-04,33.7,35.2,37.2,32.6
825,2014-04-05,33.7,35.2,37.2,32.6
826,2014-04-06,33.7,35.2,37.2,32.6
827,2014-04-07,33.4,34.9,36.9,32.2
828,2014-04-08,33.4,34.9,36.9,32.2
829,2014-04-09,33.4,34.9,36.9,32.2
830,2014-04-10,33.4,34.9,36.9,32.2
831,2014-04-11,33.4,34.9,36.9,32.2
832,2014-04-12,33.4,34.9,36.9,32.2
833,2014-04-13,33.4,34.9,36.9,32.2
834,2014-04-14,33.4,34.9,36.9,32.2
835,2014-04-15,33.4,34.9,36.9,32.2
836,2014-04-16,33.4,34.9,36.9,32.2
837,2014-04-17,33.4,34.9,36.9,32.2
838,2014-04-18,33.4,34.9,36.9,32.2
839,2014-04-19,33.4,34.9,36.9,32.2
840,2014-04-20,33.4,34.9,36.9,32.2
841,2014-04-21,33.8,35.3,37.3,32.7
842,2014-04-22,33.8,35.3,37.3,32.7
843,2014-04-23,33.8,35.3,37.3,32.7
844,2014-04-24,33.8,35.3,37.3,32.7
845,2014-04-25,33.8,35.3,37.3,32.7
846,2014-04-26,33.8,35.3,37.3,32.7
847,2014-04-27,33.8,35.3,37.3,32.7
848,2014-04-28,33.9,35.4,37.4,32.8
849,2014-04-29,33.9,35.4,37.4,32.8
850,2014-04-30,33.9,35.4,37.4,32.8
851,2014-05-01,33.9,35.4,37.4,32.8
852,2014-05-02,33.9,35.4,37.4,32.8
853,2014-05-03,33.9,35.4,37.4,32.8
854,2014-05-04,33.9,35.4,37.4,32.8
855,2014-05-05,33.7,35.2,37.2,32.6
856,2014-05-06,33.7,35.2,37.2,32.6
857,2014-05-07,33.7,35.2,37.2,32.6
858,2014-05-08,33.7,35.2,37.2,32.6
859,2014-05-09,33.7,35.2,37.2,32.6
860,2014-05-10,33.7,35.2,37.2,32.6
861,2014-05-11,33.7,35.2,37.2,32.6
862,2014-05-12,33.5,35.0,37.0,32.4
863,2014-05-13,33.5,35.0,37.0,32.4
864,2014-05-14,33.5,35.0,37.0,32.4
865,2014-05-15,33.5,35.0,37.0,32.4
866,2014-05-16,33.5,35.0,37.0,32.4
867,2014-05-17,33.5,35.0,37.0,32.4
868,2014-05-18,33.5,35.0,37.0,32.4
869,2014-05-19,33.8,35.3,37.3,32.7
870,2014-05-20,33.8,35.3,37.3,32.7
871,2014-05-21,33.8,35.3,37.3,32.7
872,2014-05-22,33.8,35.3,37.3,32.7
873,2014-05-23,33.8,35.3,37.3,32.7
874,2014-05-24,33.8,35.3,37.3,32.7
875,2014-05-25,33.8,35.3,37.3,32.7
876,2014-05-26,34.0,35.5,37.5,32.9
877,2014-05-27,34.0,35.5,37.5,32.9
878,2014-05-28,34.0,35.5,37.5,32.9
879,2014-05-29,34.0,35.5,37.5,32.9
880,2014-05-30,34.0,35.5,37.5,32.9
881,2014-05-31,34.0,35.5,37.5,32.9
882,2014-06-01,34.0,35.5,37.5,32.9
883,2014-06-02,33.9,35.4,37.4,32.8
884,2014-06-03,33.9,35.4,37.4,32.8
885,2014-06-04,33.9,35.4,37.4,32.8
886,2014-06-05,33.9,35.4,37.4,32.8
887,2014-06-06,33.9,35.4,37.4,32.8
888,2014-06-07,33.9,35.4,37.4,32.8
889,2014-06-08,33.9,35.4,37.4,32.8
890,2014-06-09,33.7,35.2,37.2,32.5
891,2014-06-10,33.7,35.2,37.2,32.5
892,2014-06-11,33.7,35.2,37.2,32.5
893,2014-06-12,33.7,35.2,37.2,32.5
894,2014-06-13,33.7,35.2,37.2,32.5
895,2014-06-14,33.7,35.2,37.2,32.5
896,2014-06-15,33.7,35.2,37.2,32.5
897,2014-06-16,33.9,35.4,37.4,32.8
898,2014-06-17,33.9,35.4,37.4,32.8
899,2014-06-18,33.9,35.4,37.4,32.8
900,2014-06-19,33.9,35.4,37.4,32.8
901,2014-06-20,33.9,35.4,37.4,32.8
902,2014-06-21,33.9,35.4,37.4,32.8
903,2014-06-22,33.9,35.4,37.4,32.8
904,2014-06-23,34.5,36.0,38.0,33.5
905,2014-06-24,34.5,36.0,38.0,33.5
906,2014-06-25,34.5,36.0,38.0,33.5
907,2014-06-26,34.5,36.0,38.0,33.5
908,2014-06-27,34.5,36.0,38.0,33.5
909,2014-06-28,34.5,36.0,38.0,33.5
910,2014-06-29,34.5,36.0,38.0,33.5
911,2014-06-30,34.4,35.9,37.9,33.4
912,2014-07-01,34.4,35.9,37.9,33.4
913,2014-07-02,34.4,35.9,37.9,33.4
914,2014-07-03,34.4,35.9,37.9,33.4
915,2014-07-04,34.4,35.9,37.9,33.4
916,2014-07-05,34.4,35.9,37.9,33.4
917,2014-07-06,34.4,35.9,37.9,33.4
918,2014-07-07,34.0,35.5,37.5,33.0
919,2014-07-08,34.0,35.5,37.5,33.0
920,2014-07-09,34.0,35.5,37.5,33.0
921,2014-07-10,34.0,35.5,37.5,33.0
922,2014-07-11,34.0,35.5,37.5,33.0
923,2014-07-12,34.0,35.5,37.5,33.0
924,2014-07-13,34.0,35.5,37.5,33.0
925,2014-07-14,33.6,35.1,37.1,32.5
926,2014-07-15,33.6,35.1,37.1,32.5
927,2014-07-16,33.6,35.1,37.1,32.5
928,2014-07-17,33.6,35.1,37.1,32.5
929,2014-07-18,33.6,35.1,37.1,32.5
930,2014-07-19,33.6,35.1,37.1,32.5
931,2014-07-20,33.6,35.1,37.1,32.5
932,2014-07-21,33.4,34.9,36.9,32.2
933,2014-07-22,33.4,34.9,36.9,32.2
934,2014-07-23,33.4,34.9,36.9,32.2
935,2014-07-24,33.4,34.9,36.9,32.2
936,2014-07-25,33.4,34.9,36.9,32.2
937,2014-07-26,33.4,34.9,36.9,32.2
938,2014-07-27,33.4,34.9,36.9,32.2
939,2014-07-28,33.5,35.0,37.0,32.4
940,2014-07-29,33.5,35.0,37.0,32.4
941,2014-07-30,33.5,35.0,37.0,32.4
942,2014-07-31,33.5,35.0,37.0,32.4
943,2014-08-01,33.5,35.0,37.0,32.4
944,2014-08-02,33.5,35.0,37.0,32.4
945,2014-08-03,33.5,35.0,37.0,32.4
946,2014-08-04,33.4,34.9,36.9,32.3
947,2014-08-05,33.4,34.9,36.9,32.3
948,2014-08-06,33.4,34.9,36.9,32.3
949,2014-08-07,33.4,34.9,36.9,32.3
950,2014-08-08,33.4,34.9,36.9,32.3
951,2014-08-09,33.4,34.9,36.9,32.3
952,2014-08-10,33.4,34.9,36.9,32.3
953,2014-08-11,33.1,34.6,36.6,32.0
954,2014-08-12,33.1,34.6,36.6,32.0
955,2014-08-13,33.1,34.6,36.6,32.0
956,2014-08-14,33.1,34.6,36.6,32.0
957,2014-08-15,33.1,34.6,36.6,32.0
958,2014-08-16,33.1,34.6,36.6,32.0
959,2014-08-17,33.1,34.6,36.6,32.0
960,2014-08-18,32.8,34.3,36.3,31.6
961,2014-08-19,32.8,34.3,36.3,31.6
962,2014-08-20,32.8,34.3,36.3,31.6
963,2014-08-21,32.8,34.3,36.3,31.6
964,2014-08-22,32.8,34.3,36.3,31.6
965,2014-08-23,32.8,34.3,36.3,31.6
966,2014-08-24,32.8,34.3,36.3,31.6
967,2014-08-25,32.5,34.0,36.0,31.3
968,2014-08-26,32.5,34.0,36.0,31.3
969,2014-08-27,32.5,34.0,36.0,31.3
970,2014-08-28,32.5,34.0,36.0,31.3
971,2014-08-29,32.5,34.0,36.0,31.3
972,2014-08-30,32.5,34.0,36.0,31.3
973,2014-08-31,32.5,34.0,36.0,31.3
974,2014-09-01,32.7,34.2,36.2,31.4
975,2014-09-02,32.7,34.2,36.2,31.4
976,2014-09-03,32.7,34.2,36.2,31.4
977,2014-09-04,32.7,34.2,36.2,31.4
978,2014-09-05,32.7,34.2,36.2,31.4
979,2014-09-06,32.7,34.2,36.2,31.4
980,2014-09-07,32.7,34.2,36.2,31.4
981,2014-09-08,32.5,34.0,36.0,31.3
982,2014-09-09,32.5,34.0,36.0,31.3
983,2014-09-10,32.5,34.0,36.0,31.3
984,2014-09-11,32.5,34.0,36.0,31.3
985,2014-09-12,32.5,34.0,36.0,31.3
986,2014-09-13,32.5,34.0,36.0,31.3
987,2014-09-14,32.5,34.0,36.0,31.3
988,2014-09-15,32.0,33.5,35.5,30.7
989,2014-09-16,32.0,33.5,35.5,30.7
990,2014-09-17,32.0,33.5,35.5,30.7
991,2014-09-18,32.0,33.5,35.5,30.7
992,2014-09-19,32.0,33.5,35.5,30.7
993,2014-09-20,32.0,33.5,35.5,30.7
994,2014-09-21,32.0,33.5,35.5,30.7
995,2014-09-22,31.9,33.4,35.4,30.6
996,2014-09-23,31.9,33.4,35.4,30.6
997,2014-09-24,31.9,33.4,35.4,30.6
998,2014-09-25,31.9,33.4,35.4,30.6
999,2014-09-26,31.9,33.4,35.4,30.6
1000,2014-09-27,31.9,33.4,35.4,30.6
1001,2014-09-28,31.9,33.4,35.4,30.6
1002,2014-09-29,31.7,33.2,35.2,30.4
1003,2014-09-30,31.7,33.2,35.2,30.4
1004,2014-10-01,31.7,33.2,35.2,30.4
1005,2014-10-02,31.7,33.2,35.2,30.4
1006,2014-10-03,31.7,33.2,35.2,30.4
1007,2014-10-04,31.7,33.2,35.2,30.4
1008,2014-10-05,31.7,33.2,35.2,30.4
1009,2014-10-06,31.5,33.0,35.0,30.2
1010,2014-10-07,31.5,33.0,35.0,30.2
1011,2014-10-08,31.5,33.0,35.0,30.2
1012,2014-10-09,31.5,33.0,35.0,30.2
1013,2014-10-10,31.5,33.0,35.0,30.2
1014,2014-10-11,31.5,33.0,35.0,30.2
1015,2014-10-12,31.5,33.0,35.0,30.2
1016,2014-10-13,30.9,32.4,34.4,29.5
1017,2014-10-14,30.9,32.4,34.4,29.5
1018,2014-10-15,30.9,32.4,34.4,29.5
1019,2014-10-16,30.9,32.4,34.4,29.5
1020,2014-10-17,30.9,32.4,34.4,29.5
1021,2014-10-18,30.9,32.4,34.4,29.5
1022,2014-10-19,30.9,32.4,34.4,29.5
1023,2014-10-20,30.0,31.5,33.5,28.5
1024,2014-10-21,30.0,31.5,33.5,28.5
1025,2014-10-22,30.0,31.5,33.5,28.5
1026,2014-10-23,30.0,31.5,33.5,28.5
1027,2014-10-24,30.0,31.5,33.5,28.5
1028,2014-10-25,30.0,31.5,33.5,28.5
1029,2014-10-26,30.0,31.5,33.5,28.5
1030,2014-10-27,29.8,31.3,33.3,28.3
1031,2014-10-28,29.8,31.3,33.3,28.3
1032,2014-10-29,29.8,31.3,33.3,28.3
1033,2014-10-30,29.8,31.3,33.3,28.3
1034,2014-10-31,29.8,31.3,33.3,28.3
1035,2014-11-01,29.8,31.3,33.3,28.3
1036,2014-11-02,29.8,31.3,33.3,28.3
1037,2014-11-03,29.8,31.3,33.3,28.4
1038,2014-11-04,29.8,31.3,33.3,28.4
1039,2014-11-05,29.8,31.3,33.3,28.4
1040,2014-11-06,29.8,31.3,33.3,28.4
1041,2014-11-07,29.8,31.3,33.3,28.4
1042,2014-11-08,29.8,31.3,33.3,28.4
1043,2014-11-09,29.8,31.3,33.3,28.4
1044,2014-11-10,29.2,30.7,32.7,27.7
1045,2014-11-11,29.2,30.7,32.7,27.7
1046,2014-11-12,29.2,30.7,32.7,27.7
1047,2014-11-13,29.2,30.7,32.7,27.7
1048,2014-11-14,29.2,30.7,32.7,27.7
1049,2014-11-15,29.2,30.7,32.7,27.7
1050,2014-11-16,29.2,30.7,32.7,27.7
1051,2014-11-17,28.7,30.2,32.2,27.1
1052,2014-11-18,28.7,30.2,32.2,27.1
1053,2014-11-19,28.7,30.2,32.2,27.1
1054,2014-11-20,28.7,30.2,32.2,27.1
1055,2014-11-21,28.7,30.2,32.2,27.1
1056,2014-11-22,28.7,30.2,32.2,27.1
1057,2014-11-23,28.7,30.2,32.2,27.1
1058,2014-11-24,28.3,29.8,31.8,26.7
1059,2014-11-25,28.3,29.8,31.8,26.7
1060,2014-11-26,28.3,29.8,31.8,26.7
1061,2014-11-27,28.3,29.8,31.8,26.7
1062,2014-11-28,28.3,29.8,31.8,26.7
1063,2014-11-29,28.3,29.8,31.8,26.7
1064,2014-11-30,28.3,29.8,31.8,26.7
1065,2014-12-01,28.1,29.6,31.6,26.4
1066,2014-12-02,28.1,29.6,31.6,26.4
1067,2014-12-03,28.1,29.6,31.6,26.4
1068,2014-12-04,28.1,29.6,31.6,26.4
1069,2014-12-05,28.1,29.6,31.6,26.4
1070,2014-12-06,28.1,29.6,31.6,26.4
1071,2014-12-07,28.1,29.6,31.6,26.4
1072,2014-12-08,26.9,28.4,30.4,25.1
1073,2014-12-09,26.9,28.4,30.4,25.1
1074,2014-12-10,26.9,28.4,30.4,25.1
1075,2014-12-11,26.9,28.4,30.4,25.1
1076,2014-12-12,26.9,28.4,30.4,25.1
1077,2014-12-13,26.9,28.4,30.4,25.1
1078,2014-12-14,26.9,28.4,30.4,25.1
1079,2014-12-15,25.9,27.4,29.4,24.0
1080,2014-12-16,25.9,27.4,29.4,24.0
1081,2014-12-17,25.9,27.4,29.4,24.0
1082,2014-12-18,25.9,27.4,29.4,24.0
1083,2014-12-19,25.9,27.4,29.4,24.0
1084,2014-12-20,25.9,27.4,29.4,24.0
1085,2014-12-21,25.9,27.4,29.4,24.0
1086,2014-12-22,24.9,26.4,28.4,22.9
1087,2014-12-23,24.9,26.4,28.4,22.9
1088,2014-12-24,24.9,26.4,28.4,22.9
1089,2014-12-25,24.9,26.4,28.4,22.9
1090,2014-12-26,24.9,26.4,28.4,22.9
1091,2014-12-27,24.9,26.4,28.4,22.9
1092,2014-12-28,24.9,26.4,28.4,22.9
1093,2014-12-29,25.0,26.5,28.5,23.0
1094,2014-12-30,25.0,26.5,28.5,23.0
1095,2014-12-31,25.0,26.5,28.5,23.0
1096,2015-01-01,25.0,26.5,28.5,23.0
1097,2015-01-02,25.0,26.5,28.5,23.0
1098,2015-01-03,25.0,26.5,28.5,23.0
1099,2015-01-04,25.0,26.5,28.5,23.0
1100,2015-01-05,24.3,25.8,27.8,22.3
1101,2015-01-06,24.3,25.8,27.8,22.3
1102,2015-01-07,24.3,25.8,27.8,22.3
1103,2015-01-08,24.3,25.8,27.8,22.3
1104,2015-01-09,24.3,25.8,27.8,22.3
1105,2015-01-10,24.3,25.8,27.8,22.3
1106,2015-01-11,24.3,25.8,27.8,22.3
1107,2015-01-12,23.1,24.6,26.6,20.9
1108,2015-01-13,23.1,24.6,26.6,20.9
1109,2015-01-14,23.1,24.6,26.6,20.9
1110,2015-01-15,23.1,24.6,26.6,20.9
1111,2015-01-16,23.1,24.6,26.6,20.9
1112,2015-01-17,23.1,24.6,26.6,20.9
1113,2015-01-18,23.1,24.6,26.6,20.9
1114,2015-01-19,22.1,23.6,25.6,19.8
1115,2015-01-20,22.1,23.6,25.6,19.8
1116,2015-01-21,22.1,23.6,25.6,19.8
1117,2015-01-22,22.1,23.6,25.6,19.8
1118,2015-01-23,22.1,23.6,25.6,19.8
1119,2015-01-24,22.1,23.6,25.6,19.8
1120,2015-01-25,22.1,23.6,25.6,19.8
1121,2015-01-26,22.2,23.7,25.7,19.9
1122,2015-01-27,22.2,23.7,25.7,19.9
1123,2015-01-28,22.2,23.7,25.7,19.9
1124,2015-01-29,22.2,23.7,25.7,19.9
1125,2015-01-30,22.2,23.7,25.7,19.9
1126,2015-01-31,22.2,23.7,25.7,19.9
1127,2015-02-01,22.2,23.7,25.7,19.9
1128,2015-02-02,22.1,23.6,25.6,19.9
1129,2015-02-03,22.1,23.6,25.6,19.9
1130,2015-02-04,22.1,23.6,25.6,19.9
1131,2015-02-05,22.1,23.6,25.6,19.9
1132,2015-02-06,22.1,23.6,25.6,19.9
1133,2015-02-07,22.1,23.6,25.6,19.9
1134,2015-02-08,22.1,23.6,25.6,19.9
1135,2015-02-09,24.0,25.5,27.5,21.9
1136,2015-02-10,24.0,25.5,27.5,21.9
1137,2015-02-11,24.0,25.5,27.5,21.9
1138,2015-02-12,24.0,25.5,27.5,21.9
1139,2015-02-13,24.0,25.5,27.5,21.9
1140,2015-02-14,24.0,25.5,27.5,21.9
1141,2015-02-15,24.0,25.5,27.5,21.9
1142,2015-02-16,24.5,26.0,28.0,22.5
1143,2015-02-17,24.5,26.0,28.0,22.5
1144,2015-02-18,24.5,26.0,28.0,22.5
1145,2015-02-19,24.5,26.0,28.0,22.5
1146,2015-02-20,24.5,26.0,28.0,22.5
1147,2015-02-21,24.5,26.0,28.0,22.5
1148,2015-02-22,24.5,26.0,28.0,22.5
1149,2015-02-23,25.3,26.8,28.8,23.4
1150,2015-02-24,25.3,26.8,28.8,23.4
1151,2015-02-25,25.3,26.8,28.8,23.4
1152,2015-02-26,25.3,26.8,28.8,23.4
1153,2015-02-27,25.3,26.8,28.8,23.4
1154,2015-02-28,25.3,26.8,28.8,23.4
1155,2015-03-01,25.3,26.8,28.8,23.4
1156,2015-03-02,25.0,26.5,28.5,23.1
1157,2015-03-03,25.0,26.5,28.5,23.1
1158,2015-03-04,25.0,26.5,28.5,23.1
1159,2015-03-05,25.0,26.5,28.5,23.1
1160,2015-03-06,25.0,26.5,28.5,23.1
1161,2015-03-07,25.0,26.5,28.5,23.1
1162,2015-03-08,25.0,26.5,28.5,23.1
1163,2015-03-09,25.2,26.7,28.7,23.3
1164,2015-03-10,25.2,26.7,28.7,23.3
1165,2015-03-11,25.2,26.7,28.7,23.3
1166,2015-03-12,25.2,26.7,28.7,23.3
1167,2015-03-13,25.2,26.7,28.7,23.3
1168,2015-03-14,25.2,26.7,28.7,23.3
1169,2015-03-15,25.2,26.7,28.7,23.3
1170,2015-03-16,24.5,26.0,28.0,22.6
1171,2015-03-17,24.5,26.0,28.0,22.6
1172,2015-03-18,24.5,26.0,28.0,22.6
1173,2015-03-19,24.5,26.0,28.0,22.6
1174,2015-03-20,24.5,26.0,28.0,22.6
1175,2015-03-21,24.5,26.0,28.0,22.6
1176,2015-03-22,24.5,26.0,28.0,22.6
1177,2015-03-23,23.7,25.2,27.2,21.7
1178,2015-03-24,23.7,25.2,27.2,21.7
1179,2015-03-25,23.7,25.2,27.2,21.7
1180,2015-03-26,23.7,25.2,27.2,21.7
1181,2015-03-27,23.7,25.2,27.2,21.7
1182,2015-03-28,23.7,25.2,27.2,21.7
1183,2015-03-29,23.7,25.2,27.2,21.7
1184,2015-03-30,24.2,25.7,27.7,22.2
1185,2015-03-31,24.2,25.7,27.7,22.2
1186,2015-04-01,24.2,25.7,27.7,22.2
1187,2015-04-02,24.2,25.7,27.7,22.2
1188,2015-04-03,24.2,25.7,27.7,22.2
1189,2015-04-04,24.2,25.7,27.7,22.2
1190,2015-04-05,24.2,25.7,27.7,22.2
1191,2015-04-06,24.1,25.6,27.6,22.1
1192,2015-04-07,24.1,25.6,27.6,22.1
1193,2015-04-08,24.1,25.6,27.6,22.1
1194,2015-04-09,24.1,25.6,27.6,22.1
1195,2015-04-10,24.1,25.6,27.6,22.1
1196,2015-04-11,24.1,25.6,27.6,22.1
1197,2015-04-12,24.1,25.6,27.6,22.1
1198,2015-04-13,24.4,25.9,27.9,22.4
1199,2015-04-14,24.4,25.9,27.9,22.4
1200,2015-04-15,24.4,25.9,27.9,22.4
1201,2015-04-16,24.4,25.9,27.9,22.4
1202,2015-04-17,24.4,25.9,27.9,22.4
1203,2015-04-18,24.4,25.9,27.9,22.4
1204,2015-04-19,24.4,25.9,27.9,22.4
1205,2015-04-20,25.2,26.7,28.7,23.2
1206,2015-04-21,25.2,26.7,28.7,23.2
1207,2015-04-22,25.2,26.7,28.7,23.2
1208,2015-04-23,25.2,26.7,28.7,23.2
1209,2015-04-24,25.2,26.7,28.7,23.2
1210,2015-04-25,25.2,26.7,28.7,23.2
1211,2015-04-26,25.2,26.7,28.7,23.2
1212,2015-04-27,25.5,27.0,29.0,23.6
1213,2015-04-28,25.5,27.0,29.0,23.6
1214,2015-04-29,25.5,27.0,29.0,23.6
1215,2015-04-30,25.5,27.0,29.0,23.6
1216,2015-05-01,25.5,27.0,29.0,23.6
1217,2015-05-02,25.5,27.0,29.0,23.6
1218,2015-05-03,25.5,27.0,29.0,23.6
1219,2015-05-04,25.7,27.2,29.2,23.8
1220,2015-05-05,25.7,27.2,29.2,23.8
1221,2015-05-06,25.7,27.2,29.2,23.8
1222,2015-05-07,25.7,27.2,29.2,23.8
1223,2015-05-08,25.7,27.2,29.2,23.8
1224,2015-05-09,25.7,27.2,29.2,23.8
1225,2015-05-10,25.7,27.2,29.2,23.8
1226,2015-05-11,26.3,27.8,29.8,24.4
1227,2015-05-12,26.3,27.8,29.8,24.4
1228,2015-05-13,26.3,27.8,29.8,24.4
1229,2015-05-14,26.3,27.8,29.8,24.4
1230,2015-05-15,26.3,27.8,29.8,24.4
1231,2015-05-16,26.3,27.8,29.8,24.4
1232,2015-05-17,26.3,27.8,29.8,24.4
1233,2015-05-18,26.1,27.6,29.6,24.2
1234,2015-05-19,26.1,27.6,29.6,24.2
1235,2015-05-20,26.1,27.6,29.6,24.2
1236,2015-05-21,26.1,27.6,29.6,24.2
1237,2015-05-22,26.1,27.6,29.6,24.2
1238,2015-05-23,26.1,27.6,29.6,24.2
1239,2015-05-24,26.1,27.6,29.6,24.2
1240,2015-05-25,25.9,27.4,29.4,24.0
1241,2015-05-26,25.9,27.4,29.4,24.0
1242,2015-05-27,25.9,27.4,29.4,24.0
1243,2015-05-28,25.9,27.4,29.4,24.0
1244,2015-05-29,25.9,27.4,29.4,24.0
1245,2015-05-30,25.9,27.4,29.4,24.0
1246,2015-05-31,25.9,27.4,29.4,24.0
1247,2015-06-01,25.6,27.1,29.1,23.6
1248,2015-06-02,25.6,27.1,29.1,23.6
1249,2015-06-03,25.6,27.1,29.1,23.6
1250,2015-06-04,25.6,27.1,29.1,23.6
1251,2015-06-05,25.6,27.1,29.1,23.6
1252,2015-06-06,25.6,27.1,29.1,23.6
1253,2015-06-07,25.6,27.1,29.1,23.6
1254,2015-06-08,25.7,27.2,29.2,23.8
1255,2015-06-09,25.7,27.2,29.2,23.8
1256,2015-06-10,25.7,27.2,29.2,23.8
1257,2015-06-11,25.7,27.2,29.2,23.8
1258,2015-06-12,25.7,27.2,29.2,23.8
1259,2015-06-13,25.7,27.2,29.2,23.8
1260,2015-06-14,25.7,27.2,29.2,23.8
1261,2015-06-15,25.9,27.4,29.4,24.1
1262,2015-06-16,25.9,27.4,29.4,24.1
1263,2015-06-17,25.9,27.4,29.4,24.1
1264,2015-06-18,25.9,27.4,29.4,24.1
1265,2015-06-19,25.9,27.4,29.4,24.1
1266,2015-06-20,25.9,27.4,29.4,24.1
1267,2015-06-21,25.9,27.4,29.4,24.1
1268,2015-06-22,25.7,27.2,29.2,23.8
1269,2015-06-23,25.7,27.2,29.2,23.8
1270,2015-06-24,25.7,27.2,29.2,23.8
1271,2015-06-25,25.7,27.2,29.2,23.8
1272,2015-06-26,25.7,27.2,29.2,23.8
1273,2015-06-27,25.7,27.2,29.2,23.8
1274,2015-06-28,25.7,27.2,29.2,23.8
1275,2015-06-29,25.6,27.1,29.1,23.7
1276,2015-06-30,25.6,27.1,29.1,23.7
1277,2015-07-01,25.6,27.1,29.1,23.7
1278,2015-07-02,25.6,27.1,29.1,23.7
1279,2015-07-03,25.6,27.1,29.1,23.7
1280,2015-07-04,25.6,27.1,29.1,23.7
1281,2015-07-05,25.6,27.1,29.1,23.7
1282,2015-07-06,25.5,27.0,29.0,23.6
1283,2015-07-07,25.5,27.0,29.0,23.6
1284,2015-07-08,25.5,27.0,29.0,23.6
1285,2015-07-09,25.5,27.0,29.0,23.6
1286,2015-07-10,25.5,27.0,29.0,23.6
1287,2015-07-11,25.5,27.0,29.0,23.6
1288,2015-07-12,25.5,27.0,29.0,23.6
1289,2015-07-13,24.7,26.2,28.2,22.7
1290,2015-07-14,24.7,26.2,28.2,22.7
1291,2015-07-15,24.7,26.2,28.2,22.7
1292,2015-07-16,24.7,26.2,28.2,22.7
1293,2015-07-17,24.7,26.2,28.2,22.7
1294,2015-07-18,24.7,26.2,28.2,22.7
1295,2015-07-19,24.7,26.2,28.2,22.7
1296,2015-07-20,24.7,26.2,28.2,22.7
1297,2015-07-21,24.7,26.2,28.2,22.7
1298,2015-07-22,24.7,26.2,28.2,22.7
1299,2015-07-23,24.7,26.2,28.2,22.7
1300,2015-07-24,24.7,26.2,28.2,22.7
1301,2015-07-25,24.7,26.2,28.2,22.7
1302,2015-07-26,24.7,26.2,28.2,22.7
1303,2015-07-27,24.5,26.0,28.0,22.4
1304,2015-07-28,24.5,26.0,28.0,22.4
1305,2015-07-29,24.5,26.0,28.0,22.4
1306,2015-07-30,24.5,26.0,28.0,22.4
1307,2015-07-31,24.5,26.0,28.0,22.4
1308,2015-08-01,24.5,26.0,28.0,22.4
1309,2015-08-02,24.5,26.0,28.0,22.4
1310,2015-08-03,24.1,25.6,27.6,22.0
1311,2015-08-04,24.1,25.6,27.6,22.0
1312,2015-08-05,24.1,25.6,27.6,22.0
1313,2015-08-06,24.1,25.6,27.6,22.0
1314,2015-08-07,24.1,25.6,27.6,22.0
1315,2015-08-08,24.1,25.6,27.6,22.0
1316,2015-08-09,24.1,25.6,27.6,22.0
1317,2015-08-10,23.3,24.8,26.8,21.2
1318,2015-08-11,23.3,24.8,26.8,21.2
1319,2015-08-12,23.3,24.8,26.8,21.2
1320,2015-08-13,23.3,24.8,26.8,21.2
1321,2015-08-14,23.3,24.8,26.8,21.2
1322,2015-08-15,23.3,24.8,26.8,21.2
1323,2015-08-16,23.3,24.8,26.8,21.2
1324,2015-08-17,23.4,24.9,26.9,21.3
1325,2015-08-18,23.4,24.9,26.9,21.3
1326,2015-08-19,23.4,24.9,26.9,21.3
1327,2015-08-20,23.4,24.9,26.9,21.3
1328,2015-08-21,23.4,24.9,26.9,21.3
1329,2015-08-22,23.4,24.9,26.9,21.3
1330,2015-08-23,23.4,24.9,26.9,21.3
1331,2015-08-24,23.1,24.6,26.6,20.9
1332,2015-08-25,23.1,24.6,26.6,20.9
1333,2015-08-26,23.1,24.6,26.6,20.9
1334,2015-08-27,23.1,24.6,26.6,20.9
1335,2015-08-28,23.1,24.6,26.6,20.9
1336,2015-08-29,23.1,24.6,26.6,20.9
1337,2015-08-30,23.1,24.6,26.6,20.9
1338,2015-08-31,22.4,23.9,25.9,20.1
1339,2015-09-01,22.4,23.9,25.9,20.1
1340,2015-09-02,22.4,23.9,25.9,20.1
1341,2015-09-03,22.4,23.9,25.9,20.1
1342,2015-09-04,22.4,23.9,25.9,20.1
1343,2015-09-05,22.4,23.9,25.9,20.1
1344,2015-09-06,22.4,23.9,25.9,20.1
1345,2015-09-07,23.4,24.9,26.9,21.3
1346,2015-09-08,23.4,24.9,26.9,21.3
1347,2015-09-09,23.4,24.9,26.9,21.3
1348,2015-09-10,23.4,24.9,26.9,21.3
1349,2015-09-11,23.4,24.9,26.9,21.3
1350,2015-09-12,23.4,24.9,26.9,21.3
1351,2015-09-13,23.4,24.9,26.9,21.3
1352,2015-09-14,23.1,24.6,26.6,20.9
1353,2015-09-15,23.1,24.6,26.6,20.9
1354,2015-09-16,23.1,24.6,26.6,20.9
1355,2015-09-17,23.1,24.6,26.6,20.9
1356,2015-09-18,23.1,24.6,26.6,20.9
1357,2015-09-19,23.1,24.6,26.6,20.9
1358,2015-09-20,23.1,24.6,26.6,20.9
1359,2015-09-21,22.7,24.2,26.2,20.5
1360,2015-09-22,22.7,24.2,26.2,20.5
1361,2015-09-23,22.7,24.2,26.2,20.5
1362,2015-09-24,22.7,24.2,26.2,20.5
1363,2015-09-25,22.7,24.2,26.2,20.5
1364,2015-09-26,22.7,24.2,26.2,20.5
1365,2015-09-27,22.7,24.2,26.2,20.5
1366,2015-09-28,22.8,24.3,26.3,20.6
1367,2015-09-29,22.8,24.3,26.3,20.6
1368,2015-09-30,22.8,24.3,26.3,20.6
1369,2015-10-01,22.8,24.3,26.3,20.6
1370,2015-10-02,22.8,24.3,26.3,20.6
1371,2015-10-03,22.8,24.3,26.3,20.6
1372,2015-10-04,22.8,24.3,26.3,20.6
1373,2015-10-05,22.8,24.3,26.3,20.6
1374,2015-10-06,22.8,24.3,26.3,20.6
1375,2015-10-07,22.8,24.3,26.3,20.6
1376,2015-10-08,22.8,24.3,26.3,20.6
1377,2015-10-09,22.8,24.3,26.3,20.6
1378,2015-10-10,22.8,24.3,26.3,20.6
1379,2015-10-11,22.8,24.3,26.3,20.6
1380,2015-10-12,23.6,25.1,27.1,21.5
1381,2015-10-13,23.6,25.1,27.1,21.5
1382,2015-10-14,23.6,25.1,27.1,21.5
1383,2015-10-15,23.6,25.1,27.1,21.5
1384,2015-10-16,23.6,25.1,27.1,21.5
1385,2015-10-17,23.6,25.1,27.1,21.5
1386,2015-10-18,23.6,25.1,27.1,21.5
1387,2015-10-19,23.2,24.7,26.7,21.1
1388,2015-10-20,23.2,24.7,26.7,21.1
1389,2015-10-21,23.2,24.7,26.7,21.1
1390,2015-10-22,23.2,24.7,26.7,21.1
1391,2015-10-23,23.2,24.7,26.7,21.1
1392,2015-10-24,23.2,24.7,26.7,21.1
1393,2015-10-25,23.2,24.7,26.7,21.1
1394,2015-10-26,22.6,24.1,26.1,20.4
1395,2015-10-27,22.6,24.1,26.1,20.4
1396,2015-10-28,22.6,24.1,26.1,20.4
1397,2015-10-29,22.6,24.1,26.1,20.4
1398,2015-10-30,22.6,24.1,26.1,20.4
1399,2015-10-31,22.6,24.1,26.1,20.4
1400,2015-11-01,22.6,24.1,26.1,20.4
1401,2015-11-02,22.6,24.1,26.1,20.4
1402,2015-11-03,22.6,24.1,26.1,20.4
1403,2015-11-04,22.6,24.1,26.1,20.4
1404,2015-11-05,22.6,24.1,26.1,20.4
1405,2015-11-06,22.6,24.1,26.1,20.4
1406,2015-11-07,22.6,24.1,26.1,20.4
1407,2015-11-08,22.6,24.1,26.1,20.4
1408,2015-11-09,22.8,24.3,26.3,20.6
1409,2015-11-10,22.8,24.3,26.3,20.6
1410,2015-11-11,22.8,24.3,26.3,20.6
1411,2015-11-12,22.8,24.3,26.3,20.6
1412,2015-11-13,22.8,24.3,26.3,20.6
1413,2015-11-14,22.8,24.3,26.3,20.6
1414,2015-11-15,22.8,24.3,26.3,20.6
1415,2015-11-16,22.2,23.7,25.7,20.0
1416,2015-11-17,22.2,23.7,25.7,20.0
1417,2015-11-18,22.2,23.7,25.7,20.0
1418,2015-11-19,22.2,23.7,25.7,20.0
1419,2015-11-20,22.2,23.7,25.7,20.0
1420,2015-11-21,22.2,23.7,25.7,20.0
1421,2015-11-22,22.2,23.7,25.7,20.0
1422,2015-11-23,21.5,23.0,25.0,19.2
1423,2015-11-24,21.5,23.0,25.0,19.2
1424,2015-11-25,21.5,23.0,25.0,19.2
1425,2015-11-26,21.5,23.0,25.0,19.2
1426,2015-11-27,21.5,23.0,25.0,19.2
1427,2015-11-28,21.5,23.0,25.0,19.2
1428,2015-11-29,21.5,23.0,25.0,19.2
1429,2015-11-30,21.7,23.2,25.2,19.5
1430,2015-12-01,21.7,23.2,25.2,19.5
1431,2015-12-02,21.7,23.2,25.2,19.5
1432,2015-12-03,21.7,23.2,25.2,19.5
1433,2015-12-04,21.7,23.2,25.2,19.5
1434,2015-12-05,21.7,23.2,25.2,19.5
1435,2015-12-06,21.7,23.2,25.2,19.5
1436,2015-12-07,21.6,23.1,25.1,19.3
1437,2015-12-08,21.6,23.1,25.1,19.3
1438,2015-12-09,21.6,23.1,25.1,19.3
1439,2015-12-10,21.6,23.1,25.1,19.3
1440,2015-12-11,21.6,23.1,25.1,19.3
1441,2015-12-12,21.6,23.1,25.1,19.3
1442,2015-12-13,21.6,23.1,25.1,19.3
1443,2015-12-14,20.8,22.3,24.3,18.4
1444,2015-12-15,20.8,22.3,24.3,18.4
1445,2015-12-16,20.8,22.3,24.3,18.4
1446,2015-12-17,20.8,22.3,24.3,18.4
1447,2015-12-18,20.8,22.3,24.3,18.4
1448,2015-12-19,20.8,22.3,24.3,18.4
1449,2015-12-20,20.8,22.3,24.3,18.4
1450,2015-12-21,20.1,21.6,23.6,17.6
1451,2015-12-22,20.1,21.6,23.6,17.6
1452,2015-12-23,20.1,21.6,23.6,17.6
1453,2015-12-24,20.1,21.6,23.6,17.6
1454,2015-12-25,20.1,21.6,23.6,17.6
1455,2015-12-26,20.1,21.6,23.6,17.6
1456,2015-12-27,20.1,21.6,23.6,17.6
1457,2015-12-28,19.9,21.4,23.4,17.4
1458,2015-12-29,19.9,21.4,23.4,17.4
1459,2015-12-30,19.9,21.4,23.4,17.4
1460,2015-12-31,19.9,21.4,23.4,17.4
1461,2016-01-01,19.9,21.4,23.4,17.4
1462,2016-01-02,19.9,21.4,23.4,17.4
1463,2016-01-03,19.9,21.4,23.4,17.4
1464,2016-01-04,19.9,21.4,23.4,17.4
1465,2016-01-05,19.9,21.4,23.4,17.4
1466,2016-01-06,19.9,21.4,23.4,17.4
1467,2016-01-07,19.9,21.4,23.4,17.4
1468,2016-01-08,19.9,21.4,23.4,17.4
1469,2016-01-09,19.9,21.4,23.4,17.4
1470,2016-01-10,19.9,21.4,23.4,17.4
1471,2016-01-11,19.5,21.0,23.0,17.0
1472,2016-01-12,19.5,21.0,23.0,17.0
1473,2016-01-13,19.5,21.0,23.0,17.0
1474,2016-01-14,19.5,21.0,23.0,17.0
1475,2016-01-15,19.5,21.0,23.0,17.0
1476,2016-01-16,19.5,21.0,23.0,17.0
1477,2016-01-17,19.5,21.0,23.0,17.0
1478,2016-01-18,18.4,19.9,21.9,15.9
1479,2016-01-19,18.4,19.9,21.9,15.9
1480,2016-01-20,18.4,19.9,21.9,15.9
1481,2016-01-21,18.4,19.9,21.9,15.9
1482,2016-01-22,18.4,19.9,21.9,15.9
1483,2016-01-23,18.4,19.9,21.9,15.9
1484,2016-01-24,18.4,19.9,21.9,15.9
1485,2016-01-25,18.3,19.8,21.8,15.5
1486,2016-01-26,18.3,19.8,21.8,15.5
1487,2016-01-27,18.3,19.8,21.8,15.5
1488,2016-01-28,18.3,19.8,21.8,15.5
1489,2016-01-29,18.3,19.8,21.8,15.5
1490,2016-01-30,18.3,19.8,21.8,15.5
1491,2016-01-31,18.3,19.8,21.8,15.5
1492,2016-02-01,19.3,20.8,22.8,16.5
1493,2016-02-02,19.3,20.8,22.8,16.5
1494,2016-02-03,19.3,20.8,22.8,16.5
1495,2016-02-04,19.3,20.8,22.8,16.5
1496,2016-02-05,19.3,20.8,22.8,16.5
1497,2016-02-06,19.3,20.8,22.8,16.5
1498,2016-02-07,19.3,20.8,22.8,16.5
1499,2016-02-08,19.9,21.4,23.4,17.1
1500,2016-02-09,19.9,21.4,23.4,17.1
1501,2016-02-10,19.9,21.4,23.4,17.1
1502,2016-02-11,19.9,21.4,23.4,17.1
1503,2016-02-12,19.9,21.4,23.4,17.1
1504,2016-02-13,19.9,21.4,23.4,17.1
1505,2016-02-14,19.9,21.4,23.4,17.1
1506,2016-02-15,19.0,20.5,22.5,16.2
1507,2016-02-16,19.0,20.5,22.5,16.2
1508,2016-02-17,19.0,20.5,22.5,16.2
1509,2016-02-18,19.0,20.5,22.5,16.2
1510,2016-02-19,19.0,20.5,22.5,16.2
1511,2016-02-20,19.0,20.5,22.5,16.2
1512,2016-02-21,19.0,20.5,22.5,16.2
1513,2016-02-22,19.9,21.4,23.4,17.1
1514,2016-02-23,19.9,21.4,23.4,17.1
1515,2016-02-24,19.9,21.4,23.4,17.1
1516,2016-02-25,19.9,21.4,23.4,17.1
1517,2016-02-26,19.9,21.4,23.4,17.1
1518,2016-02-27,19.9,21.4,23.4,17.1
1519,2016-02-28,19.9,21.4,23.4,17.1
1520,2016-02-29,19.9,21.4,23.4,17.2
1521,2016-03-01,19.9,21.4,23.4,17.2
1522,2016-03-02,19.9,21.4,23.4,17.2
1523,2016-03-03,19.9,21.4,23.4,17.2
1524,2016-03-04,19.9,21.4,23.4,17.2
1525,2016-03-05,19.9,21.4,23.4,17.2
1526,2016-03-06,19.9,21.4,23.4,17.2
1527,2016-03-07,20.4,21.9,23.9,17.7
1528,2016-03-08,20.4,21.9,23.9,17.7
1529,2016-03-09,20.4,21.9,23.9,17.7
1530,2016-03-10,20.4,21.9,23.9,17.7
1531,2016-03-11,20.4,21.9,23.9,17.7
1532,2016-03-12,20.4,21.9,23.9,17.7
1533,2016-03-13,20.4,21.9,23.9,17.7
1534,2016-03-14,21.3,22.8,24.8,18.6
1535,2016-03-15,21.3,22.8,24.8,18.6
1536,2016-03-16,21.3,22.8,24.8,18.6
1537,2016-03-17,21.3,22.8,24.8,18.6
1538,2016-03-18,21.3,22.8,24.8,18.6
1539,2016-03-19,21.3,22.8,24.8,18.6
1540,2016-03-20,21.3,22.8,24.8,18.6
1541,2016-03-21,21.2,22.7,24.7,18.6
1542,2016-03-22,21.2,22.7,24.7,18.6
1543,2016-03-23,21.2,22.7,24.7,18.6
1544,2016-03-24,21.2,22.7,24.7,18.6
1545,2016-03-25,21.2,22.7,24.7,18.6
1546,2016-03-26,21.2,22.7,24.7,18.6
1547,2016-03-27,21.2,22.7,24.7,18.6
1548,2016-03-28,21.4,22.9,24.9,18.8
1549,2016-03-29,21.4,22.9,24.9,18.8
1550,2016-03-30,21.4,22.9,24.9,18.8
1551,2016-03-31,21.4,22.9,24.9,18.8
1552,2016-04-01,21.4,22.9,24.9,18.8
1553,2016-04-02,21.4,22.9,24.9,18.8
1554,2016-04-03,21.4,22.9,24.9,18.8
1555,2016-04-04,21.1,22.6,24.6,18.4
1556,2016-04-05,21.1,22.6,24.6,18.4
1557,2016-04-06,21.1,22.6,24.6,18.4
1558,2016-04-07,21.1,22.6,24.6,18.4
1559,2016-04-08,21.1,22.6,24.6,18.4
1560,2016-04-09,21.1,22.6,24.6,18.4
1561,2016-04-10,21.1,22.6,24.6,18.4
1562,2016-04-11,20.9,22.4,24.4,18.3
1563,2016-04-12,20.9,22.4,24.4,18.3
1564,2016-04-13,20.9,22.4,24.4,18.3
1565,2016-04-14,20.9,22.4,24.4,18.3
1566,2016-04-15,20.9,22.4,24.4,18.3
1567,2016-04-16,20.9,22.4,24.4,18.3
1568,2016-04-17,20.9,22.4,24.4,18.3
1569,2016-04-18,22.0,23.5,25.5,19.4
1570,2016-04-19,22.0,23.5,25.5,19.4
1571,2016-04-20,22.0,23.5,25.5,19.4
1572,2016-04-21,22.0,23.5,25.5,19.4
1573,2016-04-22,22.0,23.5,25.5,19.4
1574,2016-04-23,22.0,23.5,25.5,19.4
1575,2016-04-24,22.0,23.5,25.5,19.4
1576,2016-04-25,22.1,23.6,25.6,19.5
1577,2016-04-26,22.1,23.6,25.6,19.5
1578,2016-04-27,22.1,23.6,25.6,19.5
1579,2016-04-28,22.1,23.6,25.6,19.5
1580,2016-04-29,22.1,23.6,25.6,19.5
1581,2016-04-30,22.1,23.6,25.6,19.5
1582,2016-05-01,22.1,23.6,25.6,19.5
1583,2016-05-02,22.6,24.1,26.1,20.1
1584,2016-05-03,22.6,24.1,26.1,20.1
1585,2016-05-04,22.6,24.1,26.1,20.1
1586,2016-05-05,22.6,24.1,26.1,20.1
1587,2016-05-06,22.6,24.1,26.1,20.1
1588,2016-05-07,22.6,24.1,26.1,20.1
1589,2016-05-08,22.6,24.1,26.1,20.1
1590,2016-05-09,22.6,24.1,26.1,20.1
1591,2016-05-10,22.6,24.1,26.1,20.1
1592,2016-05-11,22.6,24.1,26.1,20.1
1593,2016-05-12,22.6,24.1,26.1,20.1
1594,2016-05-13,22.6,24.1,26.1,20.1
1595,2016-05-14,22.6,24.1,26.1,20.1
1596,2016-05-15,22.6,24.1,26.1,20.1
1597,2016-05-16,22.9,24.4,26.4,20.4
1598,2016-05-17,22.9,24.4,26.4,20.4
1599,2016-05-18,22.9,24.4,26.4,20.4
1600,2016-05-19,22.9,24.4,26.4,20.4
1601,2016-05-20,22.9,24.4,26.4,20.4
1602,2016-05-21,22.9,24.4,26.4,20.4
1603,2016-05-22,22.9,24.4,26.4,20.4
1604,2016-05-23,23.6,25.1,27.1,21.2
1605,2016-05-24,23.6,25.1,27.1,21.2
1606,2016-05-25,23.6,25.1,27.1,21.2
1607,2016-05-26,23.6,25.1,27.1,21.2
1608,2016-05-27,23.6,25.1,27.1,21.2
1609,2016-05-28,23.6,25.1,27.1,21.2
1610,2016-05-29,23.6,25.1,27.1,21.2
1611,2016-05-30,23.6,25.1,27.1,21.1
1612,2016-05-31,23.6,25.1,27.1,21.1
1613,2016-06-01,23.6,25.1,27.1,21.1
1614,2016-06-02,23.6,25.1,27.1,21.1
1615,2016-06-03,23.6,25.1,27.1,21.1
1616,2016-06-04,23.6,25.1,27.1,21.1
1617,2016-06-05,23.6,25.1,27.1,21.1
1618,2016-06-06,23.6,25.1,27.1,21.2
1619,2016-06-07,23.6,25.1,27.1,21.2
1620,2016-06-08,23.6,25.1,27.1,21.2
1621,2016-06-09,23.6,25.1,27.1,21.2
1622,2016-06-10,23.6,25.1,27.1,21.2
1623,2016-06-11,23.6,25.1,27.1,21.2
1624,2016-06-12,23.6,25.1,27.1,21.2
1625,2016-06-13,23.9,25.4,27.4,21.5
1626,2016-06-14,23.9,25.4,27.4,21.5
1627,2016-06-15,23.9,25.4,27.4,21.5
1628,2016-06-16,23.9,25.4,27.4,21.5
1629,2016-06-17,23.9,25.4,27.4,21.5
1630,2016-06-18,23.9,25.4,27.4,21.5
1631,2016-06-19,23.9,25.4,27.4,21.5
1632,2016-06-20,23.4,24.9,26.9,21.0
1633,2016-06-21,23.4,24.9,26.9,21.0
1634,2016-06-22,23.4,24.9,26.9,21.0
1635,2016-06-23,23.4,24.9,26.9,21.0
1636,2016-06-24,23.4,24.9,26.9,21.0
1637,2016-06-25,23.4,24.9,26.9,21.0
1638,2016-06-26,23.4,24.9,26.9,21.0
1639,2016-06-27,23.6,25.1,27.1,21.1
1640,2016-06-28,23.6,25.1,27.1,21.1
1641,2016-06-29,23.6,25.1,27.1,21.1
1642,2016-06-30,23.6,25.1,27.1,21.1
1643,2016-07-01,23.6,25.1,27.1,21.1
1644,2016-07-02,23.6,25.1,27.1,21.1
1645,2016-07-03,23.6,25.1,27.1,21.1
1646,2016-07-04,23.4,24.9,26.9,20.9
1647,2016-07-05,23.4,24.9,26.9,20.9
1648,2016-07-06,23.4,24.9,26.9,20.9
1649,2016-07-07,23.4,24.9,26.9,20.9
1650,2016-07-08,23.4,24.9,26.9,20.9
1651,2016-07-09,23.4,24.9,26.9,20.9
1652,2016-07-10,23.4,24.9,26.9,20.9
1653,2016-07-11,23.1,24.6,26.6,20.6
1654,2016-07-12,23.1,24.6,26.6,20.6
1655,2016-07-13,23.1,24.6,26.6,20.6
1656,2016-07-14,23.1,24.6,26.6,20.6
1657,2016-07-15,23.1,24.6,26.6,20.6
1658,2016-07-16,23.1,24.6,26.6,20.6
1659,2016-07-17,23.1,24.6,26.6,20.6
1660,2016-07-18,22.7,24.2,26.2,20.2
1661,2016-07-19,22.7,24.2,26.2,20.2
1662,2016-07-20,22.7,24.2,26.2,20.2
1663,2016-07-21,22.7,24.2,26.2,20.2
1664,2016-07-22,22.7,24.2,26.2,20.2
1665,2016-07-23,22.7,24.2,26.2,20.2
1666,2016-07-24,22.7,24.2,26.2,20.2
1667,2016-07-25,22.7,24.2,26.2,20.1
1668,2016-07-26,22.7,24.2,26.2,20.1
1669,2016-07-27,22.7,24.2,26.2,20.1
1670,2016-07-28,22.7,24.2,26.2,20.1
1671,2016-07-29,22.7,24.2,26.2,20.1
1672,2016-07-30,22.7,24.2,26.2,20.1
1673,2016-07-31,22.7,24.2,26.2,20.1
1674,2016-08-01,22.1,23.6,25.6,19.5
1675,2016-08-02,22.1,23.6,25.6,19.5
1676,2016-08-03,22.1,23.6,25.6,19.5
1677,2016-08-04,22.1,23.6,25.6,19.5
1678,2016-08-05,22.1,23.6,25.6,19.5
1679,2016-08-06,22.1,23.6,25.6,19.5
1680,2016-08-07,22.1,23.6,25.6,19.5
1681,2016-08-08,21.8,23.3,25.3,19.2
1682,2016-08-09,21.8,23.3,25.3,19.2
1683,2016-08-10,21.8,23.3,25.3,19.2
1684,2016-08-11,21.8,23.3,25.3,19.2
1685,2016-08-12,21.8,23.3,25.3,19.2
1686,2016-08-13,21.8,23.3,25.3,19.2
1687,2016-08-14,21.8,23.3,25.3,19.2
1688,2016-08-15,22.2,23.7,25.7,19.7
1689,2016-08-16,22.2,23.7,25.7,19.7
1690,2016-08-17,22.2,23.7,25.7,19.7
1691,2016-08-18,22.2,23.7,25.7,19.7
1692,2016-08-19,22.2,23.7,25.7,19.7
1693,2016-08-20,22.2,23.7,25.7,19.7
1694,2016-08-21,22.2,23.7,25.7,19.7
1695,2016-08-22,23.3,24.8,26.8,20.8
1696,2016-08-23,23.3,24.8,26.8,20.8
1697,2016-08-24,23.3,24.8,26.8,20.8
1698,2016-08-25,23.3,24.8,26.8,20.8
1699,2016-08-26,23.3,24.8,26.8,20.8
1700,2016-08-27,23.3,24.8,26.8,20.8
1701,2016-08-28,23.3,24.8,26.8,20.8
1702,2016-08-29,23.4,24.9,26.9,20.9
1703,2016-08-30,23.4,24.9,26.9,20.9
1704,2016-08-31,23.4,24.9,26.9,20.9
1705,2016-09-01,23.4,24.9,26.9,20.9
1706,2016-09-02,23.4,24.9,26.9,20.9
1707,2016-09-03,23.4,24.9,26.9,20.9
1708,2016-09-04,23.4,24.9,26.9,20.9
1709,2016-09-05,22.9,24.4,26.4,20.4
1710,2016-09-06,22.9,24.4,26.4,20.4
1711,2016-09-07,22.9,24.4,26.4,20.4
1712,2016-09-08,22.9,24.4,26.4,20.4
1713,2016-09-09,22.9,24.4,26.4,20.4
1714,2016-09-10,22.9,24.4,26.4,20.4
1715,2016-09-11,22.9,24.4,26.4,20.4
1716,2016-09-12,22.9,24.4,26.4,20.4
1717,2016-09-13,22.9,24.4,26.4,20.4
1718,2016-09-14,22.9,24.4,26.4,20.4
1719,2016-09-15,22.9,24.4,26.4,20.4
1720,2016-09-16,22.9,24.4,26.4,20.4
1721,2016-09-17,22.9,24.4,26.4,20.4
1722,2016-09-18,22.9,24.4,26.4,20.4
1723,2016-09-19,22.7,24.2,26.2,20.2
1724,2016-09-20,22.7,24.2,26.2,20.2
1725,2016-09-21,22.7,24.2,26.2,20.2
1726,2016-09-22,22.7,24.2,26.2,20.2
1727,2016-09-23,22.7,24.2,26.2,20.2
1728,2016-09-24,22.7,24.2,26.2,20.2
1729,2016-09-25,22.7,24.2,26.2,20.2
1730,2016-09-26,22.6,24.1,26.1,20.1
1731,2016-09-27,22.6,24.1,26.1,20.1
1732,2016-09-28,22.6,24.1,26.1,20.1
1733,2016-09-29,22.6,24.1,26.1,20.1
1734,2016-09-30,22.6,24.1,26.1,20.1
1735,2016-10-01,22.6,24.1,26.1,20.1
1736,2016-10-02,22.6,24.1,26.1,20.1
1737,2016-10-03,22.7,24.2,26.2,20.2
1738,2016-10-04,22.7,24.2,26.2,20.2
1739,2016-10-05,22.7,24.2,26.2,20.2
1740,2016-10-06,22.7,24.2,26.2,20.2
1741,2016-10-07,22.7,24.2,26.2,20.2
1742,2016-10-08,22.7,24.2,26.2,20.2
1743,2016-10-09,22.7,24.2,26.2,20.2
1744,2016-10-10,23.8,25.3,27.3,21.4
1745,2016-10-11,23.8,25.3,27.3,21.4
1746,2016-10-12,23.8,25.3,27.3,21.4
1747,2016-10-13,23.8,25.3,27.3,21.4
1748,2016-10-14,23.8,25.3,27.3,21.4
1749,2016-10-15,23.8,25.3,27.3,21.4
1750,2016-10-16,23.8,25.3,27.3,21.4
1751,2016-10-17,24.0,25.5,27.5,21.7
1752,2016-10-18,24.0,25.5,27.5,21.7
1753,2016-10-19,24.0,25.5,27.5,21.7
1754,2016-10-20,24.0,25.5,27.5,21.7
1755,2016-10-21,24.0,25.5,27.5,21.7
1756,2016-10-22,24.0,25.5,27.5,21.7
1757,2016-10-23,24.0,25.5,27.5,21.7
1758,2016-10-24,24.0,25.5,27.5,21.6
1759,2016-10-25,24.0,25.5,27.5,21.6
1760,2016-10-26,24.0,25.5,27.5,21.6
1761,2016-10-27,24.0,25.5,27.5,21.6
1762,2016-10-28,24.0,25.5,27.5,21.6
1763,2016-10-29,24.0,25.5,27.5,21.6
1764,2016-10-30,24.0,25.5,27.5,21.6
1765,2016-10-31,23.8,25.3,27.3,21.4
1766,2016-11-01,23.8,25.3,27.3,21.4
1767,2016-11-02,23.8,25.3,27.3,21.4
1768,2016-11-03,23.8,25.3,27.3,21.4
1769,2016-11-04,23.8,25.3,27.3,21.4
1770,2016-11-05,23.8,25.3,27.3,21.4
1771,2016-11-06,23.8,25.3,27.3,21.4
1772,2016-11-07,22.8,24.3,26.3,20.4
1773,2016-11-08,22.8,24.3,26.3,20.4
1774,2016-11-09,22.8,24.3,26.3,20.4
1775,2016-11-10,22.8,24.3,26.3,20.4
1776,2016-11-11,22.8,24.3,26.3,20.4
1777,2016-11-12,22.8,24.3,26.3,20.4
1778,2016-11-13,22.8,24.3,26.3,20.4
1779,2016-11-14,22.5,24.0,26.0,20.0
1780,2016-11-15,22.5,24.0,26.0,20.0
1781,2016-11-16,22.5,24.0,26.0,20.0
1782,2016-11-17,22.5,24.0,26.0,20.0
1783,2016-11-18,22.5,24.0,26.0,20.0
1784,2016-11-19,22.5,24.0,26.0,20.0
1785,2016-11-20,22.5,24.0,26.0,20.0
1786,2016-11-21,22.6,24.1,26.1,20.1
1787,2016-11-22,22.6,24.1,26.1,20.1
1788,2016-11-23,22.6,24.1,26.1,20.1
1789,2016-11-24,22.6,24.1,26.1,20.1
1790,2016-11-25,22.6,24.1,26.1,20.1
1791,2016-11-26,22.6,24.1,26.1,20.1
1792,2016-11-27,22.6,24.1,26.1,20.1
1793,2016-11-28,23.3,24.8,26.8,20.9
1794,2016-11-29,23.3,24.8,26.8,20.9
1795,2016-11-30,23.3,24.8,26.8,20.9
1796,2016-12-01,23.3,24.8,26.8,20.9
1797,2016-12-02,23.3,24.8,26.8,20.9
1798,2016-12-03,23.3,24.8,26.8,20.9
1799,2016-12-04,23.3,24.8,26.8,20.9
1800,2016-12-05,23.6,25.1,27.1,21.2
1801,2016-12-06,23.6,25.1,27.1,21.2
1802,2016-12-07,23.6,25.1,27.1,21.2
1803,2016-12-08,23.6,25.1,27.1,21.2
1804,2016-12-09,23.6,25.1,27.1,21.2
1805,2016-12-10,23.6,25.1,27.1,21.2
1806,2016-12-11,23.6,25.1,27.1,21.2
1807,2016-12-12,24.6,26.1,28.1,22.2
1808,2016-12-13,24.6,26.1,28.1,22.2
1809,2016-12-14,24.6,26.1,28.1,22.2
1810,2016-12-15,24.6,26.1,28.1,22.2
1811,2016-12-16,24.6,26.1,28.1,22.2
1812,2016-12-17,24.6,26.1,28.1,22.2
1813,2016-12-18,24.6,26.1,28.1,22.2
1814,2016-12-19,24.9,26.4,28.4,22.6
1815,2016-12-20,24.9,26.4,28.4,22.6
1816,2016-12-21,24.9,26.4,28.4,22.6
1817,2016-12-22,24.9,26.4,28.4,22.6
1818,2016-12-23,24.9,26.4,28.4,22.6
1819,2016-12-24,24.9,26.4,28.4,22.6
1820,2016-12-25,24.9,26.4,28.4,22.6
1821,2016-12-26,24.9,26.4,28.4,22.6
1822,2016-12-27,24.9,26.4,28.4,22.6
1823,2016-12-28,24.9,26.4,28.4,22.6
1824,2016-12-29,24.9,26.4,28.4,22.6
1825,2016-12-30,24.9,26.4,28.4,22.6
1826,2016-12-31,24.9,26.4,28.4,22.6
1827,2017-01-01,24.9,26.4,28.4,22.6
1828,2017-01-02,25.3,26.8,28.8,23.0
1829,2017-01-03,25.3,26.8,28.8,23.0
1830,2017-01-04,25.3,26.8,28.8,23.0
1831,2017-01-05,25.3,26.8,28.8,23.0
1832,2017-01-06,25.3,26.8,28.8,23.0
1833,2017-01-07,25.3,26.8,28.8,23.0
1834,2017-01-08,25.3,26.8,28.8,23.0
1835,2017-01-09,25.3,26.8,28.8,23.1
1836,2017-01-10,25.3,26.8,28.8,23.1
1837,2017-01-11,25.3,26.8,28.8,23.1
1838,2017-01-12,25.3,26.8,28.8,23.1
1839,2017-01-13,25.3,26.8,28.8,23.1
1840,2017-01-14,25.3,26.8,28.8,23.1
1841,2017-01-15,25.3,26.8,28.8,23.1
1842,2017-01-16,25.0,26.5,28.5,22.7
1843,2017-01-17,25.0,26.5,28.5,22.7
1844,2017-01-18,25.0,26.5,28.5,22.7
1845,2017-01-19,25.0,26.5,28.5,22.7
1846,2017-01-20,25.0,26.5,28.5,22.7
1847,2017-01-21,25.0,26.5,28.5,22.7
1848,2017-01-22,25.0,26.5,28.5,22.7
1849,2017-01-23,24.9,26.4,28.4,22.6
1850,2017-01-24,24.9,26.4,28.4,22.6
1851,2017-01-25,24.9,26.4,28.4,22.6
1852,2017-01-26,24.9,26.4,28.4,22.6
1853,2017-01-27,24.9,26.4,28.4,22.6
1854,2017-01-28,24.9,26.4,28.4,22.6
1855,2017-01-29,24.9,26.4,28.4,22.6
1856,2017-01-30,24.9,26.4,28.4,22.6
1857,2017-01-31,24.9,26.4,28.4,22.6
1858,2017-02-01,24.9,26.4,28.4,22.6
1859,2017-02-02,24.9,26.4,28.4,22.6
1860,2017-02-03,24.9,26.4,28.4,22.6
1861,2017-02-04,24.9,26.4,28.4,22.6
1862,2017-02-05,24.9,26.4,28.4,22.6
1863,2017-02-06,25.0,26.5,28.5,22.7
1864,2017-02-07,25.0,26.5,28.5,22.7
1865,2017-02-08,25.0,26.5,28.5,22.7
1866,2017-02-09,25.0,26.5,28.5,22.7
1867,2017-02-10,25.0,26.5,28.5,22.7
1868,2017-02-11,25.0,26.5,28.5,22.7
1869,2017-02-12,25.0,26.5,28.5,22.7
1870,2017-02-13,24.9,26.4,28.4,22.6
1871,2017-02-14,24.9,26.4,28.4,22.6
1872,2017-02-15,24.9,26.4,28.4,22.6
1873,2017-02-16,24.9,26.4,28.4,22.6
1874,2017-02-17,24.9,26.4,28.4,22.6
1875,2017-02-18,24.9,26.4,28.4,22.6
1876,2017-02-19,24.9,26.4,28.4,22.6
1877,2017-02-20,24.8,26.3,28.3,22.5
1878,2017-02-21,24.8,26.3,28.3,22.5
1879,2017-02-22,24.8,26.3,28.3,22.5
1880,2017-02-23,24.8,26.3,28.3,22.5
1881,2017-02-24,24.8,26.3,28.3,22.5
1882,2017-02-25,24.8,26.3,28.3,22.5
1883,2017-02-26,24.8,26.3,28.3,22.5
1884,2017-02-27,24.9,26.4,28.4,22.6
1885,2017-02-28,24.9,26.4,28.4,22.6
1886,2017-03-01,24.9,26.4,28.4,22.6
1887,2017-03-02,24.9,26.4,28.4,22.6
1888,2017-03-03,24.9,26.4,28.4,22.6
1889,2017-03-04,24.9,26.4,28.4,22.6
1890,2017-03-05,24.9,26.4,28.4,22.6
1891,2017-03-06,24.9,26.4,28.4,22.6
1892,2017-03-07,24.9,26.4,28.4,22.6
1893,2017-03-08,24.9,26.4,28.4,22.6
1894,2017-03-09,24.9,26.4,28.4,22.6
1895,2017-03-10,24.9,26.4,28.4,22.6
1896,2017-03-11,24.9,26.4,28.4,22.6
1897,2017-03-12,24.9,26.4,28.4,22.6
1898,2017-03-13,24.6,26.1,28.1,22.2
1899,2017-03-14,24.6,26.1,28.1,22.2
1900,2017-03-15,24.6,26.1,28.1,22.2
1901,2017-03-16,24.6,26.1,28.1,22.2
1902,2017-03-17,24.6,26.1,28.1,22.2
1903,2017-03-18,24.6,26.1,28.1,22.2
1904,2017-03-19,24.6,26.1,28.1,22.2
1905,2017-03-20,23.8,25.3,27.3,21.5
1906,2017-03-21,23.8,25.3,27.3,21.5
1907,2017-03-22,23.8,25.3,27.3,21.5
1908,2017-03-23,23.8,25.3,27.3,21.5
1909,2017-03-24,23.8,25.3,27.3,21.5
1910,2017-03-25,23.8,25.3,27.3,21.5
1911,2017-03-26,23.8,25.3,27.3,21.5
1912,2017-03-27,23.6,25.1,27.1,21.2
1913,2017-03-28,23.6,25.1,27.1,21.2
1914,2017-03-29,23.6,25.1,27.1,21.2
1915,2017-03-30,23.6,25.1,27.1,21.2
1916,2017-03-31,23.6,25.1,27.1,21.2
1917,2017-04-01,23.6,25.1,27.1,21.2
1918,2017-04-02,23.6,25.1,27.1,21.2
1919,2017-04-03,23.7,25.2,27.2,21.3
1920,2017-04-04,23.7,25.2,27.2,21.3
1921,2017-04-05,23.7,25.2,27.2,21.3
1922,2017-04-06,23.7,25.2,27.2,21.3
1923,2017-04-07,23.7,25.2,27.2,21.3
1924,2017-04-08,23.7,25.2,27.2,21.3
1925,2017-04-09,23.7,25.2,27.2,21.3
1926,2017-04-10,24.3,25.8,27.8,22.0
1927,2017-04-11,24.3,25.8,27.8,22.0
1928,2017-04-12,24.3,25.8,27.8,22.0
1929,2017-04-13,24.3,25.8,27.8,22.0
1930,2017-04-14,24.3,25.8,27.8,22.0
1931,2017-04-15,24.3,25.8,27.8,22.0
1932,2017-04-16,24.3,25.8,27.8,22.0
1933,2017-04-17,24.7,26.2,28.2,22.4
1934,2017-04-18,24.7,26.2,28.2,22.4
1935,2017-04-19,24.7,26.2,28.2,22.4
1936,2017-04-20,24.7,26.2,28.2,22.4
1937,2017-04-21,24.7,26.2,28.2,22.4
1938,2017-04-22,24.7,26.2,28.2,22.4
1939,2017-04-23,24.7,26.2,28.2,22.4
1940,2017-04-24,24.2,25.7,27.7,21.8
1941,2017-04-25,24.2,25.7,27.7,21.8
1942,2017-04-26,24.2,25.7,27.7,21.8
1943,2017-04-27,24.2,25.7,27.7,21.8
1944,2017-04-28,24.2,25.7,27.7,21.8
1945,2017-04-29,24.2,25.7,27.7,21.8
1946,2017-04-30,24.2,25.7,27.7,21.8
1947,2017-05-01,23.7,25.2,27.2,21.3
1948,2017-05-02,23.7,25.2,27.2,21.3
1949,2017-05-03,23.7,25.2,27.2,21.3
1950,2017-05-04,23.7,25.2,27.2,21.3
1951,2017-05-05,23.7,25.2,27.2,21.3
1952,2017-05-06,23.7,25.2,27.2,21.3
1953,2017-05-07,23.7,25.2,27.2,21.3
1954,2017-05-08,23.4,24.9,26.9,20.9
1955,2017-05-09,23.4,24.9,26.9,20.9
1956,2017-05-10,23.4,24.9,26.9,20.9
1957,2017-05-11,23.4,24.9,26.9,20.9
1958,2017-05-12,23.4,24.9,26.9,20.9
1959,2017-05-13,23.4,24.9,26.9,20.9
1960,2017-05-14,23.4,24.9,26.9,20.9
1961,2017-05-15,23.4,24.9,26.9,20.9
1962,2017-05-16,23.4,24.9,26.9,20.9
1963,2017-05-17,23.4,24.9,26.9,20.9
1964,2017-05-18,23.4,24.9,26.9,20.9
1965,2017-05-19,23.4,24.9,26.9,20.9
1966,2017-05-20,23.4,24.9,26.9,20.9
1967,2017-05-21,23.4,24.9,26.9,20.9
1968,2017-05-22,23.9,25.4,27.4,21.5
1969,2017-05-23,23.9,25.4,27.4,21.5
1970,2017-05-24,23.9,25.4,27.4,21.5
1971,2017-05-25,23.9,25.4,27.4,21.5
1972,2017-05-26,23.9,25.4,27.4,21.5
1973,2017-05-27,23.9,25.4,27.4,21.5
1974,2017-05-28,23.9,25.4,27.4,21.5
1975,2017-05-29,24.1,25.6,27.6,21.7
1976,2017-05-30,24.1,25.6,27.6,21.7
1977,2017-05-31,24.1,25.6,27.6,21.7
1978,2017-06-01,24.1,25.6,27.6,21.7
1979,2017-06-02,24.1,25.6,27.6,21.7
1980,2017-06-03,24.1,25.6,27.6,21.7
1981,2017-06-04,24.1,25.6,27.6,21.7
1982,2017-06-05,23.5,25.0,27.0,21.1
1983,2017-06-06,23.5,25.0,27.0,21.1
1984,2017-06-07,23.5,25.0,27.0,21.1
1985,2017-06-08,23.5,25.0,27.0,21.1
1986,2017-06-09,23.5,25.0,27.0,21.1
1987,2017-06-10,23.5,25.0,27.0,21.1
1988,2017-06-11,23.5,25.0,27.0,21.1
1989,2017-06-12,23.0,24.5,26.5,20.6
1990,2017-06-13,23.0,24.5,26.5,20.6
1991,2017-06-14,23.0,24.5,26.5,20.6
1992,2017-06-15,23.0,24.5,26.5,20.6
1993,2017-06-16,23.0,24.5,26.5,20.6
1994,2017-06-17,23.0,24.5,26.5,20.6
1995,2017-06-18,23.0,24.5,26.5,20.6
1996,2017-06-19,22.8,24.3,26.3,20.3
1997,2017-06-20,22.8,24.3,26.3,20.3
1998,2017-06-21,22.8,24.3,26.3,20.3
1999,2017-06-22,22.8,24.3,26.3,20.3
2000,2017-06-23,22.8,24.3,26.3,20.3
2001,2017-06-24,22.8,24.3,26.3,20.3
2002,2017-06-25,22.8,24.3,26.3,20.3
2003,2017-06-26,22.5,24.0,26.0,20.0
2004,2017-06-27,22.5,24.0,26.0,20.0
2005,2017-06-28,22.5,24.0,26.0,20.0
2006,2017-06-29,22.5,24.0,26.0,20.0
2007,2017-06-30,22.5,24.0,26.0,20.0
2008,2017-07-01,22.5,24.0,26.0,20.0
2009,2017-07-02,22.5,24.0,26.0,20.0
2010,2017-07-03,22.8,24.3,26.3,20.3
2011,2017-07-04,22.8,24.3,26.3,20.3
2012,2017-07-05,22.8,24.3,26.3,20.3
2013,2017-07-06,22.8,24.3,26.3,20.3
2014,2017-07-07,22.8,24.3,26.3,20.3
2015,2017-07-08,22.8,24.3,26.3,20.3
2016,2017-07-09,22.8,24.3,26.3,20.3
2017,2017-07-10,23.2,24.7,26.7,20.8
2018,2017-07-11,23.2,24.7,26.7,20.8
2019,2017-07-12,23.2,24.7,26.7,20.8
2020,2017-07-13,23.2,24.7,26.7,20.8
2021,2017-07-14,23.2,24.7,26.7,20.8
2022,2017-07-15,23.2,24.7,26.7,20.8
2023,2017-07-16,23.2,24.7,26.7,20.8
2024,2017-07-17,22.9,24.4,26.4,20.4
2025,2017-07-18,22.9,24.4,26.4,20.4
2026,2017-07-19,22.9,24.4,26.4,20.4
2027,2017-07-20,22.9,24.4,26.4,20.4
2028,2017-07-21,22.9,24.4,26.4,20.4
2029,2017-07-22,22.9,24.4,26.4,20.4
2030,2017-07-23,22.9,24.4,26.4,20.4
2031,2017-07-24,23.2,24.7,26.7,20.8
2032,2017-07-25,23.2,24.7,26.7,20.8
2033,2017-07-26,23.2,24.7,26.7,20.8
2034,2017-07-27,23.2,24.7,26.7,20.8
2035,2017-07-28,23.2,24.7,26.7,20.8
2036,2017-07-29,23.2,24.7,26.7,20.8
2037,2017-07-30,23.2,24.7,26.7,20.8
2038,2017-07-31,23.4,24.9,26.9,21.0
2039,2017-08-01,23.4,24.9,26.9,21.0
2040,2017-08-02,23.4,24.9,26.9,21.0
2041,2017-08-03,23.4,24.9,26.9,21.0
2042,2017-08-04,23.4,24.9,26.9,21.0
2043,2017-08-05,23.4,24.9,26.9,21.0
2044,2017-08-06,23.4,24.9,26.9,21.0
2045,2017-08-07,23.9,25.4,27.4,21.5
2046,2017-08-08,23.9,25.4,27.4,21.5
2047,2017-08-09,23.9,25.4,27.4,21.5
2048,2017-08-10,23.9,25.4,27.4,21.5
2049,2017-08-11,23.9,25.4,27.4,21.5
2050,2017-08-12,23.9,25.4,27.4,21.5
2051,2017-08-13,23.9,25.4,27.4,21.5
2052,2017-08-14,23.9,25.4,27.4,21.5
2053,2017-08-15,23.9,25.4,27.4,21.5
2054,2017-08-16,23.9,25.4,27.4,21.5
2055,2017-08-17,23.9,25.4,27.4,21.5
2056,2017-08-18,23.9,25.4,27.4,21.5
2057,2017-08-19,23.9,25.4,27.4,21.5
2058,2017-08-20,23.9,25.4,27.4,21.5
2059,2017-08-21,23.6,25.1,27.1,21.2
2060,2017-08-22,23.6,25.1,27.1,21.2
2061,2017-08-23,23.6,25.1,27.1,21.2
2062,2017-08-24,23.6,25.1,27.1,21.2
2063,2017-08-25,23.6,25.1,27.1,21.2
2064,2017-08-26,23.6,25.1,27.1,21.2
2065,2017-08-27,23.6,25.1,27.1,21.2
2066,2017-08-28,23.8,25.3,27.3,21.4
2067,2017-08-29,23.8,25.3,27.3,21.4
2068,2017-08-30,23.8,25.3,27.3,21.4
2069,2017-08-31,23.8,25.3,27.3,21.4
2070,2017-09-01,23.8,25.3,27.3,21.4
2071,2017-09-02,23.8,25.3,27.3,21.4
2072,2017-09-03,23.8,25.3,27.3,21.4
2073,2017-09-04,23.9,25.4,27.4,21.5
2074,2017-09-05,23.9,25.4,27.4,21.5
2075,2017-09-06,23.9,25.4,27.4,21.5
2076,2017-09-07,23.9,25.4,27.4,21.5
2077,2017-09-08,23.9,25.4,27.4,21.5
2078,2017-09-09,23.9,25.4,27.4,21.5
2079,2017-09-10,23.9,25.4,27.4,21.5
2080,2017-09-11,24.3,25.8,27.8,22.0
2081,2017-09-12,24.3,25.8,27.8,22.0
2082,2017-09-13,24.3,25.8,27.8,22.0
2083,2017-09-14,24.3,25.8,27.8,22.0
2084,2017-09-15,24.3,25.8,27.8,22.0
2085,2017-09-16,24.3,25.8,27.8,22.0
2086,2017-09-17,24.3,25.8,27.8,22.0
2087,2017-09-18,24.5,26.0,28.0,22.2
2088,2017-09-19,24.5,26.0,28.0,22.2
2089,2017-09-20,24.5,26.0,28.0,22.2
2090,2017-09-21,24.5,26.0,28.0,22.2
2091,2017-09-22,24.5,26.0,28.0,22.2
2092,2017-09-23,24.5,26.0,28.0,22.2
2093,2017-09-24,24.5,26.0,28.0,22.2
2094,2017-09-25,24.8,26.3,28.3,22.6
2095,2017-09-26,24.8,26.3,28.3,22.6
2096,2017-09-27,24.8,26.3,28.3,22.6
2097,2017-09-28,24.8,26.3,28.3,22.6
2098,2017-09-29,24.8,26.3,28.3,22.6
2099,2017-09-30,24.8,26.3,28.3,22.6
2100,2017-10-01,24.8,26.3,28.3,22.6
2101,2017-10-02,25.2,26.7,28.7,23.0
2102,2017-10-03,25.2,26.7,28.7,23.0
2103,2017-10-04,25.2,26.7,28.7,23.0
2104,2017-10-05,25.2,26.7,28.7,23.0
2105,2017-10-06,25.2,26.7,28.7,23.0
2106,2017-10-07,25.2,26.7,28.7,23.0
2107,2017-10-08,25.2,26.7,28.7,23.0
2108,2017-10-09,24.9,26.4,28.4,22.7
2109,2017-10-10,24.9,26.4,28.4,22.7
2110,2017-10-11,24.9,26.4,28.4,22.7
2111,2017-10-12,24.9,26.4,28.4,22.7
2112,2017-10-13,24.9,26.4,28.4,22.7
2113,2017-10-14,24.9,26.4,28.4,22.7
2114,2017-10-15,24.9,26.4,28.4,22.7
2115,2017-10-16,24.9,26.4,28.4,22.6
2116,2017-10-17,24.9,26.4,28.4,22.6
2117,2017-10-18,24.9,26.4,28.4,22.6
2118,2017-10-19,24.9,26.4,28.4,22.6
2119,2017-10-20,24.9,26.4,28.4,22.6
2120,2017-10-21,24.9,26.4,28.4,22.6
2121,2017-10-22,24.9,26.4,28.4,22.6
2122,2017-10-23,25.1,26.6,28.6,22.9
2123,2017-10-24,25.1,26.6,28.6,22.9
2124,2017-10-25,25.1,26.6,28.6,22.9
2125,2017-10-26,25.1,26.6,28.6,22.9
2126,2017-10-27,25.1,26.6,28.6,22.9
2127,2017-10-28,25.1,26.6,28.6,22.9
2128,2017-10-29,25.1,26.6,28.6,22.9
2129,2017-10-30,25.3,26.8,28.8,23.0
2130,2017-10-31,25.3,26.8,28.8,23.0
2131,2017-11-01,25.3,26.8,28.8,23.0
2132,2017-11-02,25.3,26.8,28.8,23.0
2133,2017-11-03,25.3,26.8,28.8,23.0
2134,2017-11-04,25.3,26.8,28.8,23.0
2135,2017-11-05,25.3,26.8,28.8,23.0
2136,2017-11-06,25.8,27.3,29.3,23.6
2137,2017-11-07,25.8,27.3,29.3,23.6
2138,2017-11-08,25.8,27.3,29.3,23.6
2139,2017-11-09,25.8,27.3,29.3,23.6
2140,2017-11-10,25.8,27.3,29.3,23.6
2141,2017-11-11,25.8,27.3,29.3,23.6
2142,2017-11-12,25.8,27.3,29.3,23.6
2143,2017-11-13,26.4,27.9,29.9,24.3
2144,2017-11-14,26.4,27.9,29.9,24.3
2145,2017-11-15,26.4,27.9,29.9,24.3
2146,2017-11-16,26.4,27.9,29.9,24.3
2147,2017-11-17,26.4,27.9,29.9,24.3
2148,2017-11-18,26.4,27.9,29.9,24.3
2149,2017-11-19,26.4,27.9,29.9,24.3
2150,2017-11-20,26.1,27.6,29.6,23.9
2151,2017-11-21,26.1,27.6,29.6,23.9
2152,2017-11-22,26.1,27.6,29.6,23.9
2153,2017-11-23,26.1,27.6,29.6,23.9
2154,2017-11-24,26.1,27.6,29.6,23.9
2155,2017-11-25,26.1,27.6,29.6,23.9
2156,2017-11-26,26.1,27.6,29.6,23.9
2157,2017-11-27,26.2,27.7,29.7,24.0
2158,2017-11-28,26.2,27.7,29.7,24.0
2159,2017-11-29,26.2,27.7,29.7,24.0
2160,2017-11-30,26.2,27.7,29.7,24.0
2161,2017-12-01,26.2,27.7,29.7,24.0
2162,2017-12-02,26.2,27.7,29.7,24.0
2163,2017-12-03,26.2,27.7,29.7,24.0
2164,2017-12-04,26.2,27.7,29.7,24.1
2165,2017-12-05,26.2,27.7,29.7,24.1
2166,2017-12-06,26.2,27.7,29.7,24.1
2167,2017-12-07,26.2,27.7,29.7,24.1
2168,2017-12-08,26.2,27.7,29.7,24.1
2169,2017-12-09,26.2,27.7,29.7,24.1
2170,2017-12-10,26.2,27.7,29.7,24.1
2171,2017-12-11,26.1,27.6,29.6,23.9
2172,2017-12-12,26.1,27.6,29.6,23.9
2173,2017-12-13,26.1,27.6,29.6,23.9
2174,2017-12-14,26.1,27.6,29.6,23.9
2175,2017-12-15,26.1,27.6,29.6,23.9
2176,2017-12-16,26.1,27.6,29.6,23.9
2177,2017-12-17,26.1,27.6,29.6,23.9
2178,2017-12-18,26.3,27.8,29.8,24.1
2179,2017-12-19,26.3,27.8,29.8,24.1
2180,2017-12-20,26.3,27.8,29.8,24.1
2181,2017-12-21,26.3,27.8,29.8,24.1
2182,2017-12-22,26.3,27.8,29.8,24.1
2183,2017-12-23,26.3,27.8,29.8,24.1
2184,2017-12-24,26.3,27.8,29.8,24.1
2185,2017-12-25,26.4,27.9,29.9,24.2
2186,2017-12-26,26.4,27.9,29.9,24.2
2187,2017-12-27,26.4,27.9,29.9,24.2
2188,2017-12-28,26.4,27.9,29.9,24.2
2189,2017-12-29,26.4,27.9,29.9,24.2
2190,2017-12-30,26.4,27.9,29.9,24.2
2191,2017-12-31,26.4,27.9,29.9,24.2
2192,2018-01-01,26.7,28.2,30.2,24.6
2193,2018-01-02,26.7,28.2,30.2,24.6
2194,2018-01-03,26.7,28.2,30.2,24.6
2195,2018-01-04,26.7,28.2,30.2,24.6
2196,2018-01-05,26.7,28.2,30.2,24.6
2197,2018-01-06,26.7,28.2,30.2,24.6
2198,2018-01-07,26.7,28.2,30.2,24.6
2199,2018-01-08,26.9,28.4,30.4,24.8
2200,2018-01-09,26.9,28.4,30.4,24.8
2201,2018-01-10,26.9,28.4,30.4,24.8
2202,2018-01-11,26.9,28.4,30.4,24.8
2203,2018-01-12,26.9,28.4,30.4,24.8
2204,2018-01-13,26.9,28.4,30.4,24.8
2205,2018-01-14,26.9,28.4,30.4,24.8
2206,2018-01-15,27.1,28.6,30.6,25.1
2207,2018-01-16,27.1,28.6,30.6,25.1
2208,2018-01-17,27.1,28.6,30.6,25.1
2209,2018-01-18,27.1,28.6,30.6,25.1
2210,2018-01-19,27.1,28.6,30.6,25.1
2211,2018-01-20,27.1,28.6,30.6,25.1
2212,2018-01-21,27.1,28.6,30.6,25.1
2213,2018-01-22,27.2,28.7,30.7,25.1
2214,2018-01-23,27.2,28.7,30.7,25.1
2215,2018-01-24,27.2,28.7,30.7,25.1
2216,2018-01-25,27.2,28.7,30.7,25.1
2217,2018-01-26,27.2,28.7,30.7,25.1
2218,2018-01-27,27.2,28.7,30.7,25.1
2219,2018-01-28,27.2,28.7,30.7,25.1
2220,2018-01-29,27.2,28.7,30.7,25.1
2221,2018-01-30,27.2,28.7,30.7,25.1
2222,2018-01-31,27.2,28.7,30.7,25.1
2223,2018-02-01,27.2,28.7,30.7,25.1
2224,2018-02-02,27.2,28.7,30.7,25.1
2225,2018-02-03,27.2,28.7,30.7,25.1
2226,2018-02-04,27.2,28.7,30.7,25.1
2227,2018-02-05,27.0,28.5,30.5,24.9
2228,2018-02-06,27.0,28.5,30.5,24.9
2229,2018-02-07,27.0,28.5,30.5,24.9
2230,2018-02-08,27.0,28.5,30.5,24.9
2231,2018-02-09,27.0,28.5,30.5,24.9
2232,2018-02-10,27.0,28.5,30.5,24.9
2233,2018-02-11,27.0,28.5,30.5,24.9
2234,2018-02-12,26.4,27.9,29.9,24.3
2235,2018-02-13,26.4,27.9,29.9,24.3
2236,2018-02-14,26.4,27.9,29.9,24.3
2237,2018-02-15,26.4,27.9,29.9,24.3
2238,2018-02-16,26.4,27.9,29.9,24.3
2239,2018-02-17,26.4,27.9,29.9,24.3
2240,2018-02-18,26.4,27.9,29.9,24.3
2241,2018-02-19,25.8,27.3,29.3,23.6
2242,2018-02-20,25.8,27.3,29.3,23.6
2243,2018-02-21,25.8,27.3,29.3,23.6
2244,2018-02-22,25.8,27.3,29.3,23.6
2245,2018-02-23,25.8,27.3,29.3,23.6
2246,2018-02-24,25.8,27.3,29.3,23.6
2247,2018-02-25,25.8,27.3,29.3,23.6
2248,2018-02-26,26.2,27.7,29.7,24.0
2249,2018-02-27,26.2,27.7,29.7,24.0
2250,2018-02-28,26.2,27.7,29.7,24.0
2251,2018-03-01,26.2,27.7,29.7,24.0
2252,2018-03-02,26.2,27.7,29.7,24.0
2253,2018-03-03,26.2,27.7,29.7,24.0
2254,2018-03-04,26.2,27.7,29.7,24.0
2255,2018-03-05,26.3,27.8,29.8,24.1
2256,2018-03-06,26.3,27.8,29.8,24.1
2257,2018-03-07,26.3,27.8,29.8,24.1
2258,2018-03-08,26.3,27.8,29.8,24.1
2259,2018-03-09,26.3,27.8,29.8,24.1
2260,2018-03-10,26.3,27.8,29.8,24.1
2261,2018-03-11,26.3,27.8,29.8,24.1
2262,2018-03-12,26.1,27.6,29.6,23.9
2263,2018-03-13,26.1,27.6,29.6,23.9
2264,2018-03-14,26.1,27.6,29.6,23.9
2265,2018-03-15,26.1,27.6,29.6,23.9
2266,2018-03-16,26.1,27.6,29.6,23.9
2267,2018-03-17,26.1,27.6,29.6,23.9
2268,2018-03-18,26.1,27.6,29.6,23.9
2269,2018-03-19,26.0,27.5,29.5,23.8
2270,2018-03-20,26.0,27.5,29.5,23.8
2271,2018-03-21,26.0,27.5,29.5,23.8
2272,2018-03-22,26.0,27.5,29.5,23.8
2273,2018-03-23,26.0,27.5,29.5,23.8
2274,2018-03-24,26.0,27.5,29.5,23.8
2275,2018-03-25,26.0,27.5,29.5,23.8
2276,2018-03-26,26.6,28.1,30.1,24.4
2277,2018-03-27,26.6,28.1,30.1,24.4
2278,2018-03-28,26.6,28.1,30.1,24.4
2279,2018-03-29,26.6,28.1,30.1,24.4
2280,2018-03-30,26.6,28.1,30.1,24.4
2281,2018-03-31,26.6,28.1,30.1,24.4
2282,2018-04-01,26.6,28.1,30.1,24.4
2283,2018-04-02,26.8,28.3,30.3,24.7
2284,2018-04-03,26.8,28.3,30.3,24.7
2285,2018-04-04,26.8,28.3,30.3,24.7
2286,2018-04-05,26.8,28.3,30.3,24.7
2287,2018-04-06,26.8,28.3,30.3,24.7
2288,2018-04-07,26.8,28.3,30.3,24.7
2289,2018-04-08,26.8,28.3,30.3,24.7
2290,2018-04-09,26.7,28.2,30.2,24.6
2291,2018-04-10,26.7,28.2,30.2,24.6
2292,2018-04-11,26.7,28.2,30.2,24.6
2293,2018-04-12,26.7,28.2,30.2,24.6
2294,2018-04-13,26.7,28.2,30.2,24.6
2295,2018-04-14,26.7,28.2,30.2,24.6
2296,2018-04-15,26.7,28.2,30.2,24.6
2297,2018-04-16,27.3,28.8,30.8,25.2
2298,2018-04-17,27.3,28.8,30.8,25.2
2299,2018-04-18,27.3,28.8,30.8,25.2
2300,2018-04-19,27.3,28.8,30.8,25.2
2301,2018-04-20,27.3,28.8,30.8,25.2
2302,2018-04-21,27.3,28.8,30.8,25.2
2303,2018-04-22,27.3,28.8,30.8,25.2
2304,2018-04-23,27.8,29.3,31.3,25.7
2305,2018-04-24,27.8,29.3,31.3,25.7
2306,2018-04-25,27.8,29.3,31.3,25.7
2307,2018-04-26,27.8,29.3,31.3,25.7
2308,2018-04-27,27.8,29.3,31.3,25.7
2309,2018-04-28,27.8,29.3,31.3,25.7
2310,2018-04-29,27.8,29.3,31.3,25.7
2311,2018-04-30,28.2,29.7,31.7,26.1
2312,2018-05-01,28.2,29.7,31.7,26.1
2313,2018-05-02,28.2,29.7,31.7,26.1
2314,2018-05-03,28.2,29.7,31.7,26.1
2315,2018-05-04,28.2,29.7,31.7,26.1
2316,2018-05-05,28.2,29.7,31.7,26.1
2317,2018-05-06,28.2,29.7,31.7,26.1
2318,2018-05-07,28.1,29.6,31.6,26.1
2319,2018-05-08,28.1,29.6,31.6,26.1
2320,2018-05-09,28.1,29.6,31.6,26.1
2321,2018-05-10,28.1,29.6,31.6,26.1
2322,2018-05-11,28.1,29.6,31.6,26.1
2323,2018-05-12,28.1,29.6,31.6,26.1
2324,2018-05-13,28.1,29.6,31.6,26.1
2325,2018-05-14,28.7,30.2,32.2,26.7
2326,2018-05-15,28.7,30.2,32.2,26.7
2327,2018-05-16,28.7,30.2,32.2,26.7
2328,2018-05-17,28.7,30.2,32.2,26.7
2329,2018-05-18,28.7,30.2,32.2,26.7
2330,2018-05-19,28.7,30.2,32.2,26.7
2331,2018-05-20,28.7,30.2,32.2,26.7
2332,2018-05-21,29.0,30.5,32.5,27.1
2333,2018-05-22,29.0,30.5,32.5,27.1
2334,2018-05-23,29.0,30.5,32.5,27.1
2335,2018-05-24,29.0,30.5,32.5,27.1
2336,2018-05-25,29.0,30.5,32.5,27.1
2337,2018-05-26,29.0,30.5,32.5,27.1
2338,2018-05-27,29.0,30.5,32.5,27.1
2339,2018-05-28,29.2,30.7,32.7,27.3
2340,2018-05-29,29.2,30.7,32.7,27.3
2341,2018-05-30,29.2,30.7,32.7,27.3
2342,2018-05-31,29.2,30.7,32.7,27.3
2343,2018-06-01,29.2,30.7,32.7,27.3
2344,2018-06-02,29.2,30.7,32.7,27.3
2345,2018-06-03,29.2,30.7,32.7,27.3
2346,2018-06-04,28.8,30.3,32.3,26.9
2347,2018-06-05,28.8,30.3,32.3,26.9
2348,2018-06-06,28.8,30.3,32.3,26.9
2349,2018-06-07,28.8,30.3,32.3,26.9
2350,2018-06-08,28.8,30.3,32.3,26.9
2351,2018-06-09,28.8,30.3,32.3,26.9
2352,2018-06-10,28.8,30.3,32.3,26.9
2353,2018-06-11,28.6,30.1,32.1,26.7
2354,2018-06-12,28.6,30.1,32.1,26.7
2355,2018-06-13,28.6,30.1,32.1,26.7
2356,2018-06-14,28.6,30.1,32.1,26.7
2357,2018-06-15,28.6,30.1,32.1,26.7
2358,2018-06-16,28.6,30.1,32.1,26.7
2359,2018-06-17,28.6,30.1,32.1,26.7
2360,2018-06-18,28.7,30.2,32.2,26.8
2361,2018-06-19,28.7,30.2,32.2,26.8
2362,2018-06-20,28.7,30.2,32.2,26.8
2363,2018-06-21,28.7,30.2,32.2,26.8
2364,2018-06-22,28.7,30.2,32.2,26.8
2365,2018-06-23,28.7,30.2,32.2,26.8
2366,2018-06-24,28.7,30.2,32.2,26.8
2367,2018-06-25,28.5,30.0,32.0,26.6
2368,2018-06-26,28.5,30.0,32.0,26.6
2369,2018-06-27,28.5,30.0,32.0,26.6
2370,2018-06-28,28.5,30.0,32.0,26.6
2371,2018-06-29,28.5,30.0,32.0,26.6
2372,2018-06-30,28.5,30.0,32.0,26.6
2373,2018-07-01,28.5,30.0,32.0,26.6
2374,2018-07-02,28.9,30.4,32.4,27.0
2375,2018-07-03,28.9,30.4,32.4,27.0
2376,2018-07-04,28.9,30.4,32.4,27.0
2377,2018-07-05,28.9,30.4,32.4,27.0
2378,2018-07-06,28.9,30.4,32.4,27.0
2379,2018-07-07,28.9,30.4,32.4,27.0
2380,2018-07-08,28.9,30.4,32.4,27.0
2381,2018-07-09,29.1,30.6,32.6,27.3
2382,2018-07-10,29.1,30.6,32.6,27.3
2383,2018-07-11,29.1,30.6,32.6,27.3
2384,2018-07-12,29.1,30.6,32.6,27.3
2385,2018-07-13,29.1,30.6,32.6,27.3
2386,2018-07-14,29.1,30.6,32.6,27.3
2387,2018-07-15,29.1,30.6,32.6,27.3
2388,2018-07-16,28.9,30.4,32.4,27.0
2389,2018-07-17,28.9,30.4,32.4,27.0
2390,2018-07-18,28.9,30.4,32.4,27.0
2391,2018-07-19,28.9,30.4,32.4,27.0
2392,2018-07-20,28.9,30.4,32.4,27.0
2393,2018-07-21,28.9,30.4,32.4,27.0
2394,2018-07-22,28.9,30.4,32.4,27.0
2395,2018-07-23,28.5,30.0,32.0,26.5
2396,2018-07-24,28.5,30.0,32.0,26.5
2397,2018-07-25,28.5,30.0,32.0,26.5
2398,2018-07-26,28.5,30.0,32.0,26.5
2399,2018-07-27,28.5,30.0,32.0,26.5
2400,2018-07-28,28.5,30.0,32.0,26.5
2401,2018-07-29,28.5,30.0,32.0,26.5
2402,2018-07-30,28.8,30.3,32.3,26.9
2403,2018-07-31,28.8,30.3,32.3,26.9
2404,2018-08-01,28.8,30.3,32.3,26.9
2405,2018-08-02,28.8,30.3,32.3,26.9
2406,2018-08-03,28.8,30.3,32.3,26.9
2407,2018-08-04,28.8,30.3,32.3,26.9
2408,2018-08-05,28.8,30.3,32.3,26.9
2409,2018-08-06,28.8,30.3,32.3,26.8
2410,2018-08-07,28.8,30.3,32.3,26.8
2411,2018-08-08,28.8,30.3,32.3,26.8
2412,2018-08-09,28.8,30.3,32.3,26.8
2413,2018-08-10,28.8,30.3,32.3,26.8
2414,2018-08-11,28.8,30.3,32.3,26.8
2415,2018-08-12,28.8,30.3,32.3,26.8
2416,2018-08-13,28.6,30.1,32.1,26.7
2417,2018-08-14,28.6,30.1,32.1,26.7
2418,2018-08-15,28.6,30.1,32.1,26.7
2419,2018-08-16,28.6,30.1,32.1,26.7
2420,2018-08-17,28.6,30.1,32.1,26.7
2421,2018-08-18,28.6,30.1,32.1,26.7
2422,2018-08-19,28.6,30.1,32.1,26.7
2423,2018-08-20,28.5,30.0,32.0,26.5
2424,2018-08-21,28.5,30.0,32.0,26.5
2425,2018-08-22,28.5,30.0,32.0,26.5
2426,2018-08-23,28.5,30.0,32.0,26.5
2427,2018-08-24,28.5,30.0,32.0,26.5
2428,2018-08-25,28.5,30.0,32.0,26.5
2429,2018-08-26,28.5,30.0,32.0,26.5
2430,2018-08-27,28.8,30.3,32.3,26.8
2431,2018-08-28,28.8,30.3,32.3,26.8
2432,2018-08-29,28.8,30.3,32.3,26.8
2433,2018-08-30,28.8,30.3,32.3,26.8
2434,2018-08-31,28.8,30.3,32.3,26.8
2435,2018-09-01,28.8,30.3,32.3,26.8
2436,2018-09-02,28.8,30.3,32.3,26.8
2437,2018-09-03,29.2,30.7,32.7,27.3
2438,2018-09-04,29.2,30.7,32.7,27.3
2439,2018-09-05,29.2,30.7,32.7,27.3
2440,2018-09-06,29.2,30.7,32.7,27.3
2441,2018-09-07,29.2,30.7,32.7,27.3
2442,2018-09-08,29.2,30.7,32.7,27.3
2443,2018-09-09,29.2,30.7,32.7,27.3
2444,2018-09-10,29.3,30.8,32.8,27.5
2445,2018-09-11,29.3,30.8,32.8,27.5
2446,2018-09-12,29.3,30.8,32.8,27.5
2447,2018-09-13,29.3,30.8,32.8,27.5
2448,2018-09-14,29.3,30.8,32.8,27.5
2449,2018-09-15,29.3,30.8,32.8,27.5
2450,2018-09-16,29.3,30.8,32.8,27.5
2451,2018-09-17,29.5,31.0,33.0,27.7
2452,2018-09-18,29.5,31.0,33.0,27.7
2453,2018-09-19,29.5,31.0,33.0,27.7
2454,2018-09-20,29.5,31.0,33.0,27.7
2455,2018-09-21,29.5,31.0,33.0,27.7
2456,2018-09-22,29.5,31.0,33.0,27.7
2457,2018-09-23,29.5,31.0,33.0,27.7
2458,2018-09-24,29.5,31.0,33.0,27.7
2459,2018-09-25,29.5,31.0,33.0,27.7
2460,2018-09-26,29.5,31.0,33.0,27.7
2461,2018-09-27,29.5,31.0,33.0,27.7
2462,2018-09-28,29.5,31.0,33.0,27.7
2463,2018-09-29,29.5,31.0,33.0,27.7
2464,2018-09-30,29.5,31.0,33.0,27.7
2465,2018-10-01,30.0,31.5,33.5,28.2
2466,2018-10-02,30.0,31.5,33.5,28.2
2467,2018-10-03,30.0,31.5,33.5,28.2
2468,2018-10-04,30.0,31.5,33.5,28.2
2469,2018-10-05,30.0,31.5,33.5,28.2
2470,2018-10-06,30.0,31.5,33.5,28.2
2471,2018-10-07,30.0,31.5,33.5,28.2
2472,2018-10-08,30.0,31.5,33.5,28.2
2473,2018-10-09,30.0,31.5,33.5,28.2
2474,2018-10-10,30.0,31.5,33.5,28.2
2475,2018-10-11,30.0,31.5,33.5,28.2
2476,2018-10-12,30.0,31.5,33.5,28.2
2477,2018-10-13,30.0,31.5,33.5,28.2
2478,2018-10-14,30.0,31.5,33.5,28.2
2479,2018-10-15,30.0,31.5,33.5,28.2
2480,2018-10-16,30.0,31.5,33.5,28.2
2481,2018-10-17,30.0,31.5,33.5,28.2
2482,2018-10-18,30.0,31.5,33.5,28.2
2483,2018-10-19,30.0,31.5,33.5,28.2
2484,2018-10-20,30.0,31.5,33.5,28.2
2485,2018-10-21,30.0,31.5,33.5,28.2
2486,2018-10-22,29.9,31.4,33.4,28.1
2487,2018-10-23,29.9,31.4,33.4,28.1
2488,2018-10-24,29.9,31.4,33.4,28.1
2489,2018-10-25,29.9,31.4,33.4,28.1
2490,2018-10-26,29.9,31.4,33.4,28.1
2491,2018-10-27,29.9,31.4,33.4,28.1
2492,2018-10-28,29.9,31.4,33.4,28.1
2493,2018-10-29,29.5,31.0,33.0,27.7
2494,2018-10-30,29.5,31.0,33.0,27.7
2495,2018-10-31,29.5,31.0,33.0,27.7
2496,2018-11-01,29.5,31.0,33.0,27.7
2497,2018-11-02,29.5,31.0,33.0,27.7
2498,2018-11-03,29.5,31.0,33.0,27.7
2499,2018-11-04,29.5,31.0,33.0,27.7
2500,2018-11-05,29.2,30.7,32.7,27.3
2501,2018-11-06,29.2,30.7,32.7,27.3
2502,2018-11-07,29.2,30.7,32.7,27.3
2503,2018-11-08,29.2,30.7,32.7,27.3
2504,2018-11-09,29.2,30.7,32.7,27.3
2505,2018-11-10,29.2,30.7,32.7,27.3
2506,2018-11-11,29.2,30.7,32.7,27.3
2507,2018-11-12,28.5,30.0,32.0,26.5
2508,2018-11-13,28.5,30.0,32.0,26.5
2509,2018-11-14,28.5,30.0,32.0,26.5
2510,2018-11-15,28.5,30.0,32.0,26.5
2511,2018-11-16,28.5,30.0,32.0,26.5
2512,2018-11-17,28.5,30.0,32.0,26.5
2513,2018-11-18,28.5,30.0,32.0,26.5
2514,2018-11-19,27.8,29.3,31.3,25.7
2515,2018-11-20,27.8,29.3,31.3,25.7
2516,2018-11-21,27.8,29.3,31.3,25.7
2517,2018-11-22,27.8,29.3,31.3,25.7
2518,2018-11-23,27.8,29.3,31.3,25.7
2519,2018-11-24,27.8,29.3,31.3,25.7
2520,2018-11-25,27.8,29.3,31.3,25.7
2521,2018-11-26,26.9,28.4,30.4,24.9
2522,2018-11-27,26.9,28.4,30.4,24.9
2523,2018-11-28,26.9,28.4,30.4,24.9
2524,2018-11-29,26.9,28.4,30.4,24.9
2525,2018-11-30,26.9,28.4,30.4,24.9
2526,2018-12-01,26.9,28.4,30.4,24.9
2527,2018-12-02,26.9,28.4,30.4,24.9
2528,2018-12-03,26.2,27.7,29.7,24.0
2529,2018-12-04,26.2,27.7,29.7,24.0
2530,2018-12-05,26.2,27.7,29.7,24.0
2531,2018-12-06,26.2,27.7,29.7,24.0
2532,2018-12-07,26.2,27.7,29.7,24.0
2533,2018-12-08,26.2,27.7,29.7,24.0
2534,2018-12-09,26.2,27.7,29.7,24.0
2535,2018-12-10,26.4,27.9,29.9,24.2
2536,2018-12-11,26.4,27.9,29.9,24.2
2537,2018-12-12,26.4,27.9,29.9,24.2
2538,2018-12-13,26.4,27.9,29.9,24.2
2539,2018-12-14,26.4,27.9,29.9,24.2
2540,2018-12-15,26.4,27.9,29.9,24.2
2541,2018-12-16,26.4,27.9,29.9,24.2
2542,2018-12-17,26.3,27.8,29.8,24.1
2543,2018-12-18,26.3,27.8,29.8,24.1
2544,2018-12-19,26.3,27.8,29.8,24.1
2545,2018-12-20,26.3,27.8,29.8,24.1
2546,2018-12-21,26.3,27.8,29.8,24.1
2547,2018-12-22,26.3,27.8,29.8,24.1
2548,2018-12-23,26.3,27.8,29.8,24.1
2549,2018-12-24,25.4,26.9,28.9,23.2
2550,2018-12-25,25.4,26.9,28.9,23.2
2551,2018-12-26,25.4,26.9,28.9,23.2
2552,2018-12-27,25.4,26.9,28.9,23.2
2553,2018-12-28,25.4,26.9,28.9,23.2
2554,2018-12-29,25.4,26.9,28.9,23.2
2555,2018-12-30,25.4,26.9,28.9,23.2
2556,2018-12-31,24.5,26.0,28.0,22.2
2557,2019-01-01,24.5,26.0,28.0,22.2
2558,2019-01-02,24.5,26.0,28.0,22.2
2559,2019-01-03,24.5,26.0,28.0,22.2
2560,2019-01-04,24.5,26.0,28.0,22.2
2561,2019-01-05,24.5,26.0,28.0,22.2
2562,2019-01-06,24.5,26.0,28.0,22.2
2563,2019-01-07,25.0,26.5,28.5,22.7
2564,2019-01-08,25.0,26.5,28.5,22.7
2565,2019-01-09,25.0,26.5,28.5,22.7
2566,2019-01-10,25.0,26.5,28.5,22.7
2567,2019-01-11,25.0,26.5,28.5,22.7
2568,2019-01-12,25.0,26.5,28.5,22.7
2569,2019-01-13,25.0,26.5,28.5,22.7
2570,2019-01-14,26.1,27.6,29.6,23.9
2571,2019-01-15,26.1,27.6,29.6,23.9
2572,2019-01-16,26.1,27.6,29.6,23.9
2573,2019-01-17,26.1,27.6,29.6,23.9
2574,2019-01-18,26.1,27.6,29.6,23.9
2575,2019-01-19,26.1,27.6,29.6,23.9
2576,2019-01-20,26.1,27.6,29.6,23.9
2577,2019-01-21,26.4,27.9,29.9,24.2
2578,2019-01-22,26.4,27.9,29.9,24.2
2579,2019-01-23,26.4,27.9,29.9,24.2
2580,2019-01-24,26.4,27.9,29.9,24.2
2581,2019-01-25,26.4,27.9,29.9,24.2
2582,2019-01-26,26.4,27.9,29.9,24.2
2583,2019-01-27,26.4,27.9,29.9,24.2
2584,2019-01-28,26.4,27.9,29.9,24.2
2585,2019-01-29,26.4,27.9,29.9,24.2
2586,2019-01-30,26.4,27.9,29.9,24.2
2587,2019-01-31,26.4,27.9,29.9,24.2
2588,2019-02-01,26.4,27.9,29.9,24.2
2589,2019-02-02,26.4,27.9,29.9,24.2
2590,2019-02-03,26.4,27.9,29.9,24.2
2591,2019-02-04,26.4,27.9,29.9,24.2
2592,2019-02-05,26.4,27.9,29.9,24.2
2593,2019-02-06,26.4,27.9,29.9,24.2
2594,2019-02-07,26.4,27.9,29.9,24.2
2595,2019-02-08,26.4,27.9,29.9,24.2
2596,2019-02-09,26.4,27.9,29.9,24.2
2597,2019-02-10,26.4,27.9,29.9,24.2
2598,2019-02-11,26.4,27.9,29.9,24.7
2599,2019-02-12,26.4,27.9,29.9,24.7
2600,2019-02-13,26.4,27.9,29.9,24.7
2601,2019-02-14,26.4,27.9,29.9,24.7
2602,2019-02-15,26.4,27.9,29.9,24.7
2603,2019-02-16,26.4,27.9,29.9,24.7
2604,2019-02-17,26.4,27.9,29.9,24.7
2605,2019-02-18,26.3,27.8,29.8,25.1
2606,2019-02-19,26.3,27.8,29.8,25.1
2607,2019-02-20,26.3,27.8,29.8,25.1
2608,2019-02-21,26.3,27.8,29.8,25.1
2609,2019-02-22,26.3,27.8,29.8,25.1
2610,2019-02-23,26.3,27.8,29.8,25.1
2611,2019-02-24,26.3,27.8,29.8,25.1
2612,2019-02-25,26.3,27.8,29.8,25.5
2613,2019-02-26,26.3,27.8,29.8,25.5
2614,2019-02-27,26.3,27.8,29.8,25.5
2615,2019-02-28,26.3,27.8,29.8,25.5
2616,2019-03-01,26.3,27.8,29.8,25.5
2617,2019-03-02,26.3,27.8,29.8,25.5
2618,2019-03-03,26.3,27.8,29.8,25.5
2619,2019-03-04,26.5,28.0,30.0,25.5
2620,2019-03-05,26.5,28.0,30.0,25.5
2621,2019-03-06,26.5,28.0,30.0,25.5
2622,2019-03-07,26.5,28.0,30.0,25.5
2623,2019-03-08,26.5,28.0,30.0,25.5
2624,2019-03-09,26.5,28.0,30.0,25.5
2625,2019-03-10,26.5,28.0,30.0,25.5
2626,2019-03-11,26.5,28.0,30.0,25.5
2627,2019-03-12,26.5,28.0,30.0,25.5
2628,2019-03-13,26.5,28.0,30.0,25.5
2629,2019-03-14,26.5,28.0,30.0,25.5
2630,2019-03-15,26.5,28.0,30.0,25.5
2631,2019-03-16,26.5,28.0,30.0,25.5
2632,2019-03-17,26.5,28.0,30.0,25.5
2633,2019-03-18,26.8,28.3,30.3,25.9
2634,2019-03-19,26.8,28.3,30.3,25.9
2635,2019-03-20,26.8,28.3,30.3,25.9
2636,2019-03-21,26.8,28.3,30.3,25.9
2637,2019-03-22,26.8,28.3,30.3,25.9
2638,2019-03-23,26.8,28.3,30.3,25.9
2639,2019-03-24,26.8,28.3,30.3,25.9
2640,2019-03-25,27.3,28.8,30.8,26.0
2641,2019-03-26,27.3,28.8,30.8,26.0
2642,2019-03-27,27.3,28.8,30.8,26.0
2643,2019-03-28,27.3,28.8,30.8,26.0
2644,2019-03-29,27.3,28.8,30.8,26.0
2645,2019-03-30,27.3,28.8,30.8,26.0
2646,2019-03-31,27.3,28.8,30.8,26.0
2647,2019-04-01,27.5,29.0,31.0,25.9
2648,2019-04-02,27.5,29.0,31.0,25.9
2649,2019-04-03,27.5,29.0,31.0,25.9
2650,2019-04-04,27.5,29.0,31.0,25.9
2651,2019-04-05,27.5,29.0,31.0,25.9
2652,2019-04-06,27.5,29.0,31.0,25.9
2653,2019-04-07,27.5,29.0,31.0,25.9
2654,2019-04-08,27.7,29.2,31.2,26.3
2655,2019-04-09,27.7,29.2,31.2,26.3
2656,2019-04-10,27.7,29.2,31.2,26.3
2657,2019-04-11,27.7,29.2,31.2,26.3
2658,2019-04-12,27.7,29.2,31.2,26.3
2659,2019-04-13,27.7,29.2,31.2,26.3
2660,2019-04-14,27.7,29.2,31.2,26.3
2661,2019-04-15,27.9,29.4,31.4,26.7
2662,2019-04-16,27.9,29.4,31.4,26.7
2663,2019-04-17,27.9,29.4,31.4,26.7
2664,2019-04-18,27.9,29.4,31.4,26.7
2665,2019-04-19,27.9,29.4,31.4,26.7
2666,2019-04-20,27.9,29.4,31.4,26.7
2667,2019-04-21,27.9,29.4,31.4,26.7
2668,2019-04-22,28.5,30.0,32.0,26.8
2669,2019-04-23,28.5,30.0,32.0,26.8
2670,2019-04-24,28.5,30.0,32.0,26.8
2671,2019-04-25,28.5,30.0,32.0,26.8
2672,2019-04-26,28.5,30.0,32.0,26.8
2673,2019-04-27,28.5,30.0,32.0,26.8
2674,2019-04-28,28.5,30.0,32.0,26.8
2675,2019-04-29,28.6,30.1,32.1,27.3
2676,2019-04-30,28.6,30.1,32.1,27.3
2677,2019-05-01,28.6,30.1,32.1,27.3
2678,2019-05-02,28.6,30.1,32.1,27.3
2679,2019-05-03,28.6,30.1,32.1,27.3
2680,2019-05-04,28.6,30.1,32.1,27.3
2681,2019-05-05,28.6,30.1,32.1,27.3
2682,2019-05-06,28.8,30.3,32.3,26.8
2683,2019-05-07,28.8,30.3,32.3,26.8
2684,2019-05-08,28.8,30.3,32.3,26.8
2685,2019-05-09,28.8,30.3,32.3,26.8
2686,2019-05-10,28.8,30.3,32.3,26.8
2687,2019-05-11,28.8,30.3,32.3,26.8
2688,2019-05-12,28.8,30.3,32.3,26.8
2689,2019-05-13,28.6,30.1,32.1,26.6
2690,2019-05-14,28.6,30.1,32.1,26.6
2691,2019-05-15,28.6,30.1,32.1,26.6
2692,2019-05-16,28.6,30.1,32.1,26.6
2693,2019-05-17,28.6,30.1,32.1,26.6
2694,2019-05-18,28.6,30.1,32.1,26.6
2695,2019-05-19,28.6,30.1,32.1,26.6
2696,2019-05-20,28.9,30.4,32.4,27.0
2697,2019-05-21,28.9,30.4,32.4,27.0
2698,2019-05-22,28.9,30.4,32.4,27.0
2699,2019-05-23,28.9,30.4,32.4,27.0
2700,2019-05-24,28.9,30.4,32.4,27.0
2701,2019-05-25,28.9,30.4,32.4,27.0
2702,2019-05-26,28.9,30.4,32.4,27.0
2703,2019-05-27,28.8,30.3,32.3,26.8
2704,2019-05-28,28.8,30.3,32.3,26.8
2705,2019-05-29,28.8,30.3,32.3,26.8
2706,2019-05-30,28.8,30.3,32.3,26.8
2707,2019-05-31,28.8,30.3,32.3,26.8
2708,2019-06-01,28.8,30.3,32.3,26.8
2709,2019-06-02,28.8,30.3,32.3,26.8
2710,2019-06-03,28.3,29.8,31.8,26.3
2711,2019-06-04,28.3,29.8,31.8,26.3
2712,2019-06-05,28.3,29.8,31.8,26.3
2713,2019-06-06,28.3,29.8,31.8,26.3
2714,2019-06-07,28.3,29.8,31.8,26.3
2715,2019-06-08,28.3,29.8,31.8,26.3
2716,2019-06-09,28.3,29.8,31.8,26.3
2717,2019-06-10,26.9,28.4,30.4,24.8
2718,2019-06-11,26.9,28.4,30.4,24.8
2719,2019-06-12,26.9,28.4,30.4,24.8
2720,2019-06-13,26.9,28.4,30.4,24.8
