,crop_name,crop_num,date,high,low,market_name,market_num,mean,medium,volume
0,鳳梨-其他,B0,101.06.19,30.0,25.3,台北一,109,28.3,28.7,145.0
1,鳳梨-其他,B0,101.06.21,10.0,10.0,台北一,109,10.0,10.0,102.0
2,鳳梨-其他,B0,101.06.26,32.7,12.0,台北一,109,19.1,17.0,520.0
3,鳳梨-其他,B0,101.06.30,22.0,18.3,台北一,109,21.3,22.0,291.0
4,鳳梨-其他,B0,101.07.07,36.0,13.7,台北一,109,25.6,26.2,310.0
5,鳳梨-其他,B0,101.07.08,32.0,20.0,台北一,109,26.4,26.7,944.0
6,鳳梨-其他,B0,101.07.10,24.5,22.0,台北一,109,22.6,22.1,683.0
7,鳳梨-其他,B0,101.07.11,21.0,21.0,台北一,109,21.0,21.0,156.0
8,鳳梨-其他,B0,101.07.15,20.0,15.0,台北一,109,18.9,19.7,65.0
9,鳳梨-其他,B0,101.07.17,25.0,25.0,台北一,109,25.0,25.0,193.0
10,鳳梨-其他,B0,101.07.18,25.0,23.5,台北一,109,24.7,25.0,206.0
11,鳳梨-其他,B0,101.07.19,33.0,30.0,台北一,109,32.3,32.8,347.0
12,鳳梨-其他,B0,101.07.20,15.0,15.0,台北一,109,15.0,15.0,26.0
13,鳳梨-其他,B0,101.07.21,12.0,12.0,台北一,109,12.0,12.0,74.0
14,鳳梨-其他,B0,101.07.25,28.0,24.1,台北一,109,26.0,25.9,187.0
15,鳳梨-其他,B0,101.07.31,22.0,15.0,台北一,109,18.4,18.3,75.0
16,鳳梨-其他,B0,101.08.02,15.0,15.0,台北一,109,15.0,15.0,204.0
17,鳳梨-其他,B0,101.08.12,15.0,15.0,台北一,109,15.0,15.0,306.0
18,鳳梨-其他,B0,101.08.14,15.0,15.0,台北一,109,15.0,15.0,23.0
19,鳳梨-其他,B0,101.09.28,42.0,38.0,台北一,109,39.9,39.9,124.0
20,鳳梨-其他,B0,101.09.29,40.0,40.0,台北一,109,40.0,40.0,90.0
21,鳳梨-其他,B0,101.10.03,38.0,38.0,台北一,109,38.0,38.0,60.0
22,鳳梨-其他,B0,101.10.05,30.0,30.0,台北一,109,30.0,30.0,35.0
23,鳳梨-其他,B0,101.10.09,25.0,25.0,台北一,109,25.0,25.0,102.0
24,鳳梨-其他,B0,101.10.16,25.0,21.1,台北一,109,24.2,25.0,78.0
25,鳳梨-其他,B0,101.10.24,28.0,20.0,台北一,109,26.0,27.3,86.0
26,鳳梨-其他,B0,101.11.14,22.0,15.0,台北一,109,17.3,16.5,310.0
27,鳳梨-其他,B0,102.01.25,32.0,32.0,台北一,109,32.0,32.0,42.0
28,鳳梨-其他,B0,102.01.26,17.0,17.0,台北一,109,17.0,17.0,40.0
29,鳳梨-其他,B0,102.01.27,30.0,30.0,台北一,109,30.0,30.0,39.0
30,鳳梨-其他,B0,102.05.12,20.0,20.0,台北一,109,20.0,20.0,12.0
31,鳳梨-其他,B0,102.05.22,25.9,19.7,台北一,109,22.4,22.0,281.0
32,鳳梨-其他,B0,102.05.28,25.8,23.0,台北一,109,24.6,24.7,778.0
33,鳳梨-其他,B0,102.05.29,24.4,19.4,台北一,109,22.1,22.2,929.0
34,鳳梨-其他,B0,102.05.30,20.0,20.0,台北一,109,20.0,20.0,574.0
35,鳳梨-其他,B0,102.06.01,24.0,23.0,台北一,109,23.4,23.4,310.0
36,鳳梨-其他,B0,102.06.02,25.0,22.0,台北一,109,22.6,22.0,180.0
37,鳳梨-其他,B0,102.06.04,38.0,33.0,台北一,109,36.1,36.6,435.0
38,鳳梨-其他,B0,102.06.05,35.0,27.0,台北一,109,32.9,34.2,864.0
39,鳳梨-其他,B0,102.06.06,35.8,28.0,台北一,109,30.4,29.4,1021.0
40,鳳梨-其他,B0,102.06.07,37.0,31.8,台北一,109,34.9,35.3,426.0
41,鳳梨-其他,B0,102.06.08,35.0,30.0,台北一,109,33.1,33.6,805.0
42,鳳梨-其他,B0,102.06.09,32.3,23.5,台北一,109,27.3,26.9,1587.0
43,鳳梨-其他,B0,102.06.11,38.0,33.0,台北一,109,35.7,35.8,355.0
44,鳳梨-其他,B0,102.06.12,35.0,25.0,台北一,109,29.1,28.5,204.0
45,鳳梨-其他,B0,102.06.15,31.0,22.6,台北一,109,27.3,27.7,1916.0
46,鳳梨-其他,B0,102.06.16,29.8,20.4,台北一,109,24.9,24.7,1887.0
47,鳳梨-其他,B0,102.06.18,29.2,15.0,台北一,109,20.8,19.9,493.0
48,鳳梨-其他,B0,102.06.20,22.0,15.0,台北一,109,19.8,20.7,160.0
49,鳳梨-其他,B0,102.06.21,18.0,15.8,台北一,109,17.6,18.0,333.0
50,鳳梨-其他,B0,102.06.22,30.0,23.8,台北一,109,28.1,28.9,748.0
51,鳳梨-其他,B0,102.06.25,30.0,17.4,台北一,109,25.5,26.7,801.0
52,鳳梨-其他,B0,102.06.26,23.4,18.3,台北一,109,21.7,22.3,1713.0
53,鳳梨-其他,B0,102.06.27,21.0,18.0,台北一,109,18.9,18.5,1003.0
54,鳳梨-其他,B0,102.06.28,25.0,21.0,台北一,109,22.8,22.6,711.0
55,鳳梨-其他,B0,102.06.29,23.0,12.7,台北一,109,20.2,21.8,524.0
56,鳳梨-其他,B0,102.06.30,22.0,20.0,台北一,109,21.4,21.6,186.0
57,鳳梨-其他,B0,102.07.02,21.9,11.7,台北一,109,16.8,16.8,1438.0
58,鳳梨-其他,B0,102.07.03,23.0,13.0,台北一,109,17.0,16.4,814.0
59,鳳梨-其他,B0,102.07.04,22.4,13.0,台北一,109,17.2,16.9,1192.0
60,鳳梨-其他,B0,102.07.05,26.0,21.0,台北一,109,23.0,22.7,554.0
61,鳳梨-其他,B0,102.07.06,28.8,8.0,台北一,109,18.8,19.1,605.0
62,鳳梨-其他,B0,102.07.07,23.0,16.8,台北一,109,20.7,21.2,737.0
63,鳳梨-其他,B0,102.07.09,23.0,20.0,台北一,109,21.0,20.6,528.0
64,鳳梨-其他,B0,102.07.10,12.0,12.0,台北一,109,12.0,12.0,322.0
65,鳳梨-其他,B0,102.07.11,22.0,12.0,台北一,109,18.3,19.2,347.0
66,鳳梨-其他,B0,102.07.13,16.0,15.0,台北一,109,15.3,15.1,384.0
67,鳳梨-其他,B0,102.07.16,27.9,23.9,台北一,109,25.4,25.0,449.0
68,鳳梨-其他,B0,102.07.17,27.0,12.0,台北一,109,21.5,22.8,407.0
69,鳳梨-其他,B0,102.07.18,24.4,12.0,台北一,109,16.7,15.7,739.0
70,鳳梨-其他,B0,102.07.19,27.0,23.0,台北一,109,24.4,23.9,322.0
71,鳳梨-其他,B0,102.07.20,28.0,20.0,台北一,109,24.3,24.5,312.0
72,鳳梨-其他,B0,102.07.21,25.0,25.0,台北一,109,25.0,25.0,79.0
73,鳳梨-其他,B0,102.07.24,32.0,22.7,台北一,109,27.7,28.0,453.0
74,鳳梨-其他,B0,102.07.27,32.7,16.6,台北一,109,25.6,26.2,286.0
75,鳳梨-其他,B0,102.07.30,32.0,24.0,台北一,109,27.5,27.2,629.0
76,鳳梨-其他,B0,102.07.31,21.5,20.0,台北一,109,20.3,20.0,1113.0
77,鳳梨-其他,B0,102.08.01,23.0,22.0,台北一,109,22.6,22.7,547.0
78,鳳梨-其他,B0,102.08.02,25.0,21.1,台北一,109,24.2,25.0,287.0
79,鳳梨-其他,B0,102.08.07,23.0,19.5,台北一,109,22.3,23.0,1359.0
80,鳳梨-其他,B0,102.08.08,27.0,26.4,台北一,109,26.9,27.0,647.0
81,鳳梨-其他,B0,102.08.09,30.0,30.0,台北一,109,30.0,30.0,616.0
82,鳳梨-其他,B0,102.08.13,24.0,21.0,台北一,109,22.9,23.2,810.0
83,鳳梨-其他,B0,102.08.14,22.0,22.0,台北一,109,22.0,22.0,380.0
84,鳳梨-其他,B0,102.08.18,23.9,13.4,台北一,109,19.5,20.0,156.0
85,鳳梨-其他,B0,102.08.20,22.0,15.0,台北一,109,18.0,17.6,389.0
86,鳳梨-其他,B0,102.08.25,25.0,25.0,台北一,109,25.0,25.0,27.0
87,鳳梨-其他,B0,102.08.31,25.0,23.7,台北一,109,24.8,25.0,748.0
88,鳳梨-其他,B0,102.09.04,24.6,11.0,台北一,109,20.9,23.0,1376.0
89,鳳梨-其他,B0,102.09.08,20.0,18.0,台北一,109,19.4,19.7,32.0
90,鳳梨-其他,B0,102.09.18,22.0,19.8,台北一,109,21.6,22.0,769.0
91,鳳梨-其他,B0,102.09.19,20.0,20.0,台北一,109,20.0,20.0,87.0
92,鳳梨-其他,B0,102.09.24,20.0,20.0,台北一,109,20.0,20.0,47.0
93,鳳梨-其他,B0,102.11.27,8.0,8.0,台北一,109,8.0,8.0,206.0
94,鳳梨-其他,B0,102.11.29,15.0,15.0,台北一,109,15.0,15.0,99.0
95,鳳梨-其他,B0,102.12.03,45.0,45.0,台北一,109,45.0,45.0,30.0
96,鳳梨-其他,B0,102.12.17,25.0,18.0,台北一,109,20.5,19.9,255.0
97,鳳梨-其他,B0,102.12.24,20.0,20.0,台北一,109,20.0,20.0,165.0
98,鳳梨-其他,B0,102.12.25,20.0,20.0,台北一,109,20.0,20.0,158.0
99,鳳梨-其他,B0,102.12.31,25.0,20.0,台北一,109,23.3,23.8,458.0
100,鳳梨-其他,B0,103.01.01,22.0,10.2,台北一,109,19.2,21.3,325.0
101,鳳梨-其他,B0,103.01.02,20.0,20.0,台北一,109,20.0,20.0,400.0
102,鳳梨-其他,B0,103.01.07,16.0,12.0,台北一,109,15.2,16.0,490.0
103,鳳梨-其他,B0,103.01.08,16.0,7.0,台北一,109,14.1,15.8,153.0
104,鳳梨-其他,B0,103.01.10,7.0,6.0,台北一,109,6.7,6.9,54.0
105,鳳梨-其他,B0,103.01.14,20.0,16.0,台北一,109,17.1,16.5,259.0
106,鳳梨-其他,B0,103.01.15,22.0,20.0,台北一,109,20.8,20.7,259.0
107,鳳梨-其他,B0,103.01.23,20.0,5.0,台北一,109,13.1,13.5,108.0
108,鳳梨-其他,B0,103.01.28,25.0,20.0,台北一,109,22.7,22.9,176.0
109,鳳梨-其他,B0,103.02.07,27.0,12.0,台北一,109,22.0,23.7,214.0
110,鳳梨-其他,B0,103.03.30,13.0,13.0,台北一,109,13.0,13.0,22.0
111,鳳梨-其他,B0,103.04.18,28.0,28.0,台北一,109,28.0,28.0,12.0
112,鳳梨-其他,B0,103.05.06,22.0,20.0,台北一,109,21.1,21.2,140.0
113,鳳梨-其他,B0,103.05.07,20.0,20.0,台北一,109,20.0,20.0,160.0
114,鳳梨-其他,B0,103.05.13,20.0,20.0,台北一,109,20.0,20.0,110.0
115,鳳梨-其他,B0,103.06.02,20.0,20.0,台北一,109,20.0,20.0,315.0
116,鳳梨-其他,B0,103.06.05,20.0,16.0,台北一,109,18.9,19.5,197.0
117,鳳梨-其他,B0,103.06.06,37.9,30.0,台北一,109,32.5,31.6,404.0
118,鳳梨-其他,B0,103.06.07,40.0,30.0,台北一,109,36.6,37.6,479.0
119,鳳梨-其他,B0,103.06.08,40.0,12.7,台北一,109,29.8,32.1,539.0
120,鳳梨-其他,B0,103.06.10,40.0,8.0,台北一,109,26.4,28.0,618.0
121,鳳梨-其他,B0,103.06.11,35.0,10.1,台北一,109,27.1,30.1,523.0
122,鳳梨-其他,B0,103.06.12,35.0,18.0,台北一,109,26.9,27.2,643.0
123,鳳梨-其他,B0,103.06.13,32.1,27.0,台北一,109,28.7,28.1,245.0
124,鳳梨-其他,B0,103.06.14,35.0,27.0,台北一,109,30.2,29.7,353.0
125,鳳梨-其他,B0,103.06.15,32.9,27.0,台北一,109,28.4,27.3,180.0
126,鳳梨-其他,B0,103.06.17,26.7,17.0,台北一,109,21.2,20.8,3119.0
127,鳳梨-其他,B0,103.06.18,20.3,11.2,台北一,109,14.7,14.1,1757.0
128,鳳梨-其他,B0,103.06.19,44.6,17.0,台北一,109,27.1,24.6,873.0
129,鳳梨-其他,B0,103.06.20,30.0,9.9,台北一,109,18.6,17.6,1747.0
130,鳳梨-其他,B0,103.06.21,32.4,15.6,台北一,109,22.0,20.7,1933.0
131,鳳梨-其他,B0,103.06.22,24.6,13.9,台北一,109,18.1,17.4,2608.0
132,鳳梨-其他,B0,103.06.24,22.1,15.0,台北一,109,17.5,16.8,3797.0
133,鳳梨-其他,B0,103.06.25,23.4,15.4,台北一,109,18.6,18.1,6202.0
134,鳳梨-其他,B0,103.06.26,22.9,15.2,台北一,109,17.5,16.4,2320.0
135,鳳梨-其他,B0,103.06.27,33.8,25.0,台北一,109,29.8,30.1,1458.0
136,鳳梨-其他,B0,103.06.28,29.5,19.8,台北一,109,25.8,26.6,1329.0
137,鳳梨-其他,B0,103.06.29,28.0,20.0,台北一,109,25.8,27.1,507.0
138,鳳梨-其他,B0,103.07.01,27.4,17.0,台北一,109,19.2,17.2,1621.0
139,鳳梨-其他,B0,103.07.02,35.0,32.0,台北一,109,33.0,32.7,249.0
140,鳳梨-其他,B0,103.07.04,15.0,12.0,台北一,109,13.4,13.4,105.0
141,鳳梨-其他,B0,103.07.05,16.0,15.0,台北一,109,15.4,15.3,552.0
142,鳳梨-其他,B0,103.07.06,24.0,18.7,台北一,109,21.7,21.9,214.0
143,鳳梨-其他,B0,103.07.08,40.0,40.0,台北一,109,40.0,40.0,180.0
144,鳳梨-其他,B0,103.07.09,40.0,22.7,台北一,109,28.3,26.3,501.0
145,鳳梨-其他,B0,103.07.10,34.6,16.3,台北一,109,23.0,21.3,1087.0
146,鳳梨-其他,B0,103.07.11,38.0,21.0,台北一,109,28.9,28.5,1247.0
147,鳳梨-其他,B0,103.07.12,40.0,25.2,台北一,109,33.8,34.7,282.0
148,鳳梨-其他,B0,103.07.13,40.0,19.1,台北一,109,27.6,26.2,289.0
149,鳳梨-其他,B0,103.07.15,55.0,30.2,台北一,109,47.9,51.4,225.0
150,鳳梨-其他,B0,103.07.16,47.0,13.8,台北一,109,24.0,19.7,1392.0
151,鳳梨-其他,B0,103.07.17,41.6,6.0,台北一,109,13.5,6.7,1304.0
152,鳳梨-其他,B0,103.07.18,49.2,18.0,台北一,109,26.3,21.5,651.0
153,鳳梨-其他,B0,103.07.19,39.0,5.0,台北一,109,12.4,6.1,1034.0
154,鳳梨-其他,B0,103.07.20,50.0,45.0,台北一,109,48.1,48.5,116.0
155,鳳梨-其他,B0,103.07.22,50.0,11.9,台北一,109,27.0,24.4,415.0
156,鳳梨-其他,B0,103.07.23,45.0,45.0,台北一,109,45.0,45.0,120.0
157,鳳梨-其他,B0,103.07.25,42.3,23.0,台北一,109,27.8,24.6,984.0
158,鳳梨-其他,B0,103.07.26,50.0,19.8,台北一,109,33.3,32.3,433.0
159,鳳梨-其他,B0,103.07.27,39.2,27.0,台北一,109,29.4,27.0,660.0
160,鳳梨-其他,B0,103.07.29,48.9,26.7,台北一,109,35.4,33.8,309.0
161,鳳梨-其他,B0,103.07.30,23.0,17.6,台北一,109,21.2,21.8,1002.0
162,鳳梨-其他,B0,103.07.31,20.8,20.0,台北一,109,20.2,20.0,382.0
163,鳳梨-其他,B0,103.08.01,26.0,17.6,台北一,109,22.4,22.7,802.0
164,鳳梨-其他,B0,103.08.02,22.4,17.9,台北一,109,20.1,20.0,298.0
165,鳳梨-其他,B0,103.08.07,28.0,17.0,台北一,109,23.5,24.2,163.0
166,鳳梨-其他,B0,103.08.09,21.0,18.4,台北一,109,20.0,20.2,573.0
167,鳳梨-其他,B0,103.08.22,20.0,14.0,台北一,109,16.4,16.1,220.0
168,鳳梨-其他,B0,103.08.23,21.0,17.4,台北一,109,19.5,19.7,333.0
169,鳳梨-其他,B0,103.08.24,25.0,22.0,台北一,109,23.0,22.7,51.0
170,鳳梨-其他,B0,103.08.29,22.0,22.0,台北一,109,22.0,22.0,14.0
171,鳳梨-其他,B0,103.09.02,25.0,25.0,台北一,109,25.0,25.0,140.0
172,鳳梨-其他,B0,103.09.03,22.0,22.0,台北一,109,22.0,22.0,176.0
173,鳳梨-其他,B0,103.09.14,27.0,27.0,台北一,109,27.0,27.0,27.0
174,鳳梨-其他,B0,103.09.24,18.0,18.0,台北一,109,18.0,18.0,119.0
175,鳳梨-其他,B0,103.10.08,20.0,18.0,台北一,109,18.6,18.4,55.0
176,鳳梨-其他,B0,103.10.09,22.0,22.0,台北一,109,22.0,22.0,11.0
177,鳳梨-其他,B0,103.10.15,22.0,14.9,台北一,109,19.5,20.2,307.0
178,鳳梨-其他,B0,103.10.16,23.8,19.1,台北一,109,22.3,22.9,354.0
179,鳳梨-其他,B0,103.10.17,22.0,12.0,台北一,109,18.4,19.4,177.0
180,鳳梨-其他,B0,103.10.21,25.8,20.0,台北一,109,22.0,21.3,290.0
181,鳳梨-其他,B0,103.10.22,24.1,13.5,台北一,109,19.4,19.8,497.0
182,鳳梨-其他,B0,103.10.23,20.0,15.0,台北一,109,16.8,16.3,322.0
183,鳳梨-其他,B0,103.10.24,20.0,10.0,台北一,109,14.4,13.9,71.0
184,鳳梨-其他,B0,103.10.25,16.0,14.0,台北一,109,14.9,14.8,319.0
185,鳳梨-其他,B0,103.10.29,14.0,10.0,台北一,109,11.4,11.0,285.0
186,鳳梨-其他,B0,103.10.31,10.0,10.0,台北一,109,10.0,10.0,99.0
187,鳳梨-其他,B0,103.11.01,8.0,8.0,台北一,109,8.0,8.0,340.0
188,鳳梨-其他,B0,103.11.04,27.0,25.0,台北一,109,26.6,27.0,142.0
189,鳳梨-其他,B0,103.11.06,32.0,28.0,台北一,109,29.0,28.4,194.0
190,鳳梨-其他,B0,103.11.07,25.0,18.4,台北一,109,22.3,22.8,479.0
191,鳳梨-其他,B0,103.11.13,20.0,15.9,台北一,109,18.4,18.7,413.0
192,鳳梨-其他,B0,103.11.15,20.0,18.0,台北一,109,19.1,19.2,498.0
193,鳳梨-其他,B0,103.11.18,14.0,6.0,台北一,109,9.6,9.3,257.0
194,鳳梨-其他,B0,103.11.21,18.0,17.0,台北一,109,17.5,17.5,96.0
195,鳳梨-其他,B0,103.11.22,20.0,10.0,台北一,109,16.7,17.8,224.0
196,鳳梨-其他,B0,103.11.25,16.0,15.4,台北一,109,15.9,16.0,81.0
197,鳳梨-其他,B0,103.12.03,25.3,12.0,台北一,109,17.5,16.8,480.0
198,鳳梨-其他,B0,103.12.04,15.0,15.0,台北一,109,15.0,15.0,50.0
199,鳳梨-其他,B0,103.12.05,30.0,30.0,台北一,109,30.0,30.0,34.0
200,鳳梨-其他,B0,103.12.06,20.0,15.0,台北一,109,16.7,16.7,31.0
201,鳳梨-其他,B0,103.12.07,25.0,21.0,台北一,109,24.2,25.0,63.0
202,鳳梨-其他,B0,103.12.12,29.0,29.0,台北一,109,29.0,29.0,28.0
203,鳳梨-其他,B0,103.12.16,15.0,10.0,台北一,109,11.9,11.6,176.0
204,鳳梨-其他,B0,103.12.19,19.1,8.0,台北一,109,12.4,11.6,155.0
205,鳳梨-其他,B0,103.12.20,12.0,10.0,台北一,109,11.6,11.9,188.0
206,鳳梨-其他,B0,103.12.23,30.0,30.0,台北一,109,30.0,30.0,14.0
207,鳳梨-其他,B0,103.12.30,7.0,7.0,台北一,109,7.0,7.0,163.0
208,鳳梨-其他,B0,104.01.04,25.0,14.1,台北一,109,20.9,21.8,181.0
209,鳳梨-其他,B0,104.01.06,20.0,9.1,台北一,109,16.5,17.8,223.0
210,鳳梨-其他,B0,104.01.07,18.0,8.0,台北一,109,10.7,9.2,330.0
211,鳳梨-其他,B0,104.01.10,15.0,8.0,台北一,109,11.6,11.6,371.0
212,鳳梨-其他,B0,104.01.13,20.4,10.7,台北一,109,17.2,18.3,821.0
213,鳳梨-其他,B0,104.01.14,20.0,10.0,台北一,109,14.2,13.7,308.0
214,鳳梨-其他,B0,104.01.16,26.8,25.0,台北一,109,25.4,25.0,205.0
215,鳳梨-其他,B0,104.01.17,25.0,15.0,台北一,109,20.8,21.4,231.0
216,鳳梨-其他,B0,104.01.18,30.3,10.0,台北一,109,20.2,20.3,347.0
217,鳳梨-其他,B0,104.01.20,26.5,12.2,台北一,109,21.1,22.3,844.0
218,鳳梨-其他,B0,104.01.21,23.0,10.0,台北一,109,16.2,16.1,566.0
219,鳳梨-其他,B0,104.01.25,30.0,30.0,台北一,109,30.0,30.0,784.0
220,鳳梨-其他,B0,104.01.27,30.0,24.4,台北一,109,28.7,29.7,247.0
221,鳳梨-其他,B0,104.01.30,33.0,27.4,台北一,109,29.2,28.5,1165.0
222,鳳梨-其他,B0,104.02.08,28.0,28.0,台北一,109,28.0,28.0,13.0
223,鳳梨-其他,B0,104.02.12,24.3,18.0,台北一,109,21.0,21.0,416.0
224,鳳梨-其他,B0,104.02.17,19.1,15.0,台北一,109,17.0,16.9,3538.0
225,鳳梨-其他,B0,104.02.26,23.0,17.0,台北一,109,19.3,18.8,50.0
226,鳳梨-其他,B0,104.03.13,16.1,15.0,台北一,109,15.2,15.0,263.0
227,鳳梨-其他,B0,104.03.14,14.0,14.0,台北一,109,14.0,14.0,889.0
228,鳳梨-其他,B0,104.03.18,14.0,14.0,台北一,109,14.0,14.0,539.0
229,鳳梨-其他,B0,104.03.19,18.0,13.9,台北一,109,16.1,16.2,320.0
230,鳳梨-其他,B0,104.03.21,17.0,15.8,台北一,109,16.4,16.4,315.0
231,鳳梨-其他,B0,104.03.28,26.0,24.0,台北一,109,25.0,25.1,151.0
232,鳳梨-其他,B0,104.04.01,24.2,20.0,台北一,109,20.8,20.0,641.0
233,鳳梨-其他,B0,104.04.18,22.0,20.0,台北一,109,20.7,20.6,296.0
234,鳳梨-其他,B0,104.04.26,22.0,22.0,台北一,109,22.0,22.0,24.0
235,鳳梨-其他,B0,104.05.23,21.0,18.8,台北一,109,20.0,20.0,522.0
236,鳳梨-其他,B0,104.05.24,17.0,8.9,台北一,109,15.1,16.6,384.0
237,鳳梨-其他,B0,104.05.26,43.1,13.4,台北一,109,26.5,25.2,665.0
238,鳳梨-其他,B0,104.05.27,43.7,12.6,台北一,109,23.2,19.8,798.0
239,鳳梨-其他,B0,104.05.28,42.0,11.5,台北一,109,19.6,14.9,771.0
240,鳳梨-其他,B0,104.05.29,41.4,10.0,台北一,109,18.0,12.9,510.0
241,鳳梨-其他,B0,104.05.30,22.3,10.0,台北一,109,12.9,10.7,737.0
242,鳳梨-其他,B0,104.05.31,7.0,7.0,台北一,109,7.0,7.0,47.0
243,鳳梨-其他,B0,104.06.06,10.0,8.0,台北一,109,9.4,9.7,1301.0
244,鳳梨-其他,B0,104.06.09,20.0,16.0,台北一,109,18.3,18.6,154.0
245,鳳梨-其他,B0,104.06.11,8.0,8.0,台北一,109,8.0,8.0,240.0
246,鳳梨-其他,B0,104.06.12,50.0,45.0,台北一,109,47.3,47.2,67.0
247,鳳梨-其他,B0,104.06.13,18.0,17.0,台北一,109,17.7,17.9,253.0
248,鳳梨-其他,B0,104.06.14,20.0,19.1,台北一,109,19.8,20.0,296.0
249,鳳梨-其他,B0,104.06.17,20.9,20.0,台北一,109,20.2,20.0,427.0
250,鳳梨-其他,B0,104.06.18,18.0,14.6,台北一,109,15.8,15.5,344.0
251,鳳梨-其他,B0,104.06.19,18.3,17.0,台北一,109,17.3,17.0,317.0
252,鳳梨-其他,B0,104.06.23,25.8,16.4,台北一,109,20.0,19.2,1689.0
253,鳳梨-其他,B0,104.06.24,22.0,14.9,台北一,109,18.7,18.9,2045.0
254,鳳梨-其他,B0,104.06.25,20.0,11.8,台北一,109,17.6,18.7,1156.0
255,鳳梨-其他,B0,104.06.26,21.3,18.9,台北一,109,20.4,20.7,567.0
256,鳳梨-其他,B0,104.06.27,20.0,17.6,台北一,109,18.5,18.2,838.0
257,鳳梨-其他,B0,104.06.28,25.0,18.6,台北一,109,21.5,21.4,934.0
258,鳳梨-其他,B0,104.06.30,40.9,12.3,台北一,109,24.8,23.7,2508.0
259,鳳梨-其他,B0,104.07.01,44.2,20.3,台北一,109,31.6,31.2,1119.0
260,鳳梨-其他,B0,104.07.02,36.2,15.8,台北一,109,25.0,24.4,2176.0
261,鳳梨-其他,B0,104.07.03,42.4,17.2,台北一,109,26.8,24.8,2279.0
262,鳳梨-其他,B0,104.07.04,42.6,15.9,台北一,109,25.7,23.3,971.0
263,鳳梨-其他,B0,104.07.05,23.0,11.0,台北一,109,19.0,20.4,1742.0
264,鳳梨-其他,B0,104.07.07,38.3,10.6,台北一,109,21.0,18.6,3538.0
265,鳳梨-其他,B0,104.07.08,40.0,13.6,台北一,109,24.3,22.6,1912.0
266,鳳梨-其他,B0,104.07.09,40.0,12.4,台北一,109,23.1,21.0,1393.0
267,鳳梨-其他,B0,104.07.10,40.0,14.4,台北一,109,26.8,26.6,2103.0
268,鳳梨-其他,B0,104.07.11,40.0,9.5,台北一,109,21.8,19.7,1466.0
269,鳳梨-其他,B0,104.07.12,39.5,13.5,台北一,109,24.3,22.8,758.0
270,鳳梨-其他,B0,104.07.14,40.0,14.3,台北一,109,27.0,26.8,4887.0
271,鳳梨-其他,B0,104.07.15,40.0,9.0,台北一,109,23.4,22.6,1657.0
272,鳳梨-其他,B0,104.07.16,40.0,15.9,台北一,109,32.5,35.5,1719.0
273,鳳梨-其他,B0,104.07.17,40.0,40.0,台北一,109,40.0,40.0,259.0
274,鳳梨-其他,B0,104.07.18,41.1,18.0,台北一,109,30.2,30.7,726.0
275,鳳梨-其他,B0,104.07.19,40.0,12.1,台北一,109,25.3,24.9,1038.0
276,鳳梨-其他,B0,104.07.21,40.0,15.7,台北一,109,25.8,24.5,1052.0
277,鳳梨-其他,B0,104.07.22,40.0,13.3,台北一,109,27.2,27.5,2799.0
278,鳳梨-其他,B0,104.07.23,38.5,15.0,台北一,109,23.7,21.7,929.0
279,鳳梨-其他,B0,104.07.24,30.3,18.8,台北一,109,22.6,21.3,1036.0
280,鳳梨-其他,B0,104.07.25,29.5,21.3,台北一,109,24.4,23.8,1739.0
281,鳳梨-其他,B0,104.07.26,21.1,12.0,台北一,109,16.8,16.9,3977.0
282,鳳梨-其他,B0,104.07.28,24.3,14.4,台北一,109,19.9,20.2,3421.0
283,鳳梨-其他,B0,104.07.29,26.9,16.2,台北一,109,22.2,22.7,1798.0
284,鳳梨-其他,B0,104.07.30,28.0,16.0,台北一,109,23.8,25.0,2333.0
285,鳳梨-其他,B0,104.07.31,30.9,14.3,台北一,109,24.8,26.2,1462.0
286,鳳梨-其他,B0,104.08.01,35.7,17.3,台北一,109,27.7,28.4,1642.0
287,鳳梨-其他,B0,104.08.02,35.1,20.1,台北一,109,26.6,25.9,1086.0
288,鳳梨-其他,B0,104.08.04,36.0,26.6,台北一,109,32.3,33.0,1108.0
289,鳳梨-其他,B0,104.08.05,33.3,24.9,台北一,109,30.8,31.8,1021.0
290,鳳梨-其他,B0,104.08.06,32.0,25.5,台北一,109,30.5,31.7,656.0
291,鳳梨-其他,B0,104.08.07,32.0,30.3,台北一,109,31.7,32.0,359.0
292,鳳梨-其他,B0,104.08.08,28.0,25.0,台北一,109,27.2,27.7,148.0
293,鳳梨-其他,B0,104.08.11,34.8,31.3,台北一,109,33.1,33.2,489.0
294,鳳梨-其他,B0,104.08.12,34.0,27.0,台北一,109,29.8,29.4,185.0
295,鳳梨-其他,B0,104.08.13,35.0,25.6,台北一,109,33.1,35.0,138.0
296,鳳梨-其他,B0,104.08.14,38.0,25.0,台北一,109,33.8,33.8,161.0
297,鳳梨-其他,B0,104.08.15,33.0,30.0,台北一,109,32.2,32.7,151.0
298,鳳梨-其他,B0,104.09.17,28.0,26.0,台北一,109,26.7,26.5,25.0
299,鳳梨-其他,B0,104.09.19,28.0,28.0,台北一,109,28.0,28.0,60.0
300,鳳梨-其他,B0,104.09.23,37.3,35.0,台北一,109,35.5,35.0,340.0
301,鳳梨-其他,B0,104.09.25,29.7,22.0,台北一,109,24.2,23.2,447.0
302,鳳梨-其他,B0,104.09.26,26.0,15.0,台北一,109,21.3,21.9,1160.0
303,鳳梨-其他,B0,104.09.30,40.0,40.0,台北一,109,40.0,40.0,135.0
304,鳳梨-其他,B0,104.10.01,37.0,32.0,台北一,109,34.9,34.9,391.0
305,鳳梨-其他,B0,104.10.02,35.3,28.3,台北一,109,33.7,35.0,595.0
306,鳳梨-其他,B0,104.10.03,36.7,20.6,台北一,109,30.9,32.4,756.0
307,鳳梨-其他,B0,104.10.04,33.0,25.3,台北一,109,29.2,29.3,610.0
308,鳳梨-其他,B0,104.10.08,31.8,23.0,台北一,109,26.8,26.5,405.0
309,鳳梨-其他,B0,104.10.09,30.0,30.0,台北一,109,30.0,30.0,32.0
310,鳳梨-其他,B0,104.10.10,32.0,25.0,台北一,109,27.7,27.2,158.0
311,鳳梨-其他,B0,104.10.11,30.0,17.8,台北一,109,26.5,28.2,133.0
312,鳳梨-其他,B0,104.10.15,30.0,28.0,台北一,109,29.2,29.3,17.0
313,鳳梨-其他,B0,104.10.17,32.0,30.6,台北一,109,31.7,32.0,58.0
314,鳳梨-其他,B0,104.10.20,24.1,15.2,台北一,109,18.6,18.0,189.0
315,鳳梨-其他,B0,104.10.21,30.0,13.3,台北一,109,20.4,19.6,473.0
316,鳳梨-其他,B0,104.10.22,25.0,23.1,台北一,109,24.6,25.0,63.0
317,鳳梨-其他,B0,104.10.24,30.0,12.0,台北一,109,20.6,20.4,23.0
318,鳳梨-其他,B0,104.10.25,28.0,18.6,台北一,109,23.1,22.9,443.0
319,鳳梨-其他,B0,104.10.27,25.0,15.0,台北一,109,20.5,20.9,317.0
320,鳳梨-其他,B0,104.10.29,27.0,20.0,台北一,109,22.6,22.0,35.0
321,鳳梨-其他,B0,104.10.31,28.0,18.6,台北一,109,23.1,23.0,51.0
322,鳳梨-其他,B0,104.11.03,23.0,12.0,台北一,109,19.1,20.2,48.0
323,鳳梨-其他,B0,104.11.05,17.0,15.0,台北一,109,16.1,16.2,45.0
324,鳳梨-其他,B0,105.01.05,35.0,27.2,台北一,109,29.9,29.1,1175.0
325,鳳梨-其他,B0,105.01.06,30.0,25.4,台北一,109,28.4,28.8,283.0
326,鳳梨-其他,B0,105.01.08,36.9,18.5,台北一,109,29.1,30.0,470.0
327,鳳梨-其他,B0,105.01.09,35.0,32.4,台北一,109,34.3,34.7,670.0
328,鳳梨-其他,B0,105.01.12,28.0,14.9,台北一,109,24.0,25.6,362.0
329,鳳梨-其他,B0,105.01.19,20.7,20.0,台北一,109,20.1,20.0,731.0
330,鳳梨-其他,B0,105.01.20,16.0,16.0,台北一,109,16.0,16.0,510.0
331,鳳梨-其他,B0,105.01.21,17.0,17.0,台北一,109,17.0,17.0,182.0
332,鳳梨-其他,B0,105.01.31,14.0,14.0,台北一,109,14.0,14.0,219.0
333,鳳梨-其他,B0,105.02.01,15.0,11.0,台北一,109,13.4,13.6,248.0
334,鳳梨-其他,B0,105.02.02,15.8,13.0,台北一,109,14.4,14.3,398.0
335,鳳梨-其他,B0,105.02.03,14.0,13.0,台北一,109,13.3,13.2,286.0
336,鳳梨-其他,B0,105.02.06,8.0,8.0,台北一,109,8.0,8.0,1624.0
337,鳳梨-其他,B0,105.02.17,6.0,6.0,台北一,109,6.0,6.0,348.0
338,鳳梨-其他,B0,105.02.21,15.0,15.0,台北一,109,15.0,15.0,437.0
339,鳳梨-其他,B0,105.03.05,17.0,17.0,台北一,109,17.0,17.0,300.0
340,鳳梨-其他,B0,105.03.08,20.0,20.0,台北一,109,20.0,20.0,200.0
341,鳳梨-其他,B0,105.03.12,20.0,17.0,台北一,109,18.1,17.9,700.0
342,鳳梨-其他,B0,105.04.01,17.0,17.0,台北一,109,17.0,17.0,44.0
343,鳳梨-其他,B0,105.04.06,15.0,15.0,台北一,109,15.0,15.0,30.0
344,鳳梨-其他,B0,105.04.09,18.0,14.2,台北一,109,15.7,15.4,400.0
345,鳳梨-其他,B0,105.04.12,17.0,15.0,台北一,109,15.9,15.9,189.0
346,鳳梨-其他,B0,105.04.13,12.0,12.0,台北一,109,12.0,12.0,24.0
347,鳳梨-其他,B0,105.04.15,15.0,12.4,台北一,109,14.0,14.2,558.0
348,鳳梨-其他,B0,105.04.16,18.0,12.0,台北一,109,16.2,17.1,126.0
349,鳳梨-其他,B0,105.04.20,20.0,14.2,台北一,109,18.3,19.0,1508.0
350,鳳梨-其他,B0,105.04.23,24.0,20.0,台北一,109,21.6,21.4,962.0
351,鳳梨-其他,B0,105.04.26,19.0,11.9,台北一,109,16.7,17.5,447.0
352,鳳梨-其他,B0,105.04.28,15.0,15.0,台北一,109,15.0,15.0,210.0
353,鳳梨-其他,B0,105.05.03,18.0,16.9,台北一,109,17.8,18.0,846.0
354,鳳梨-其他,B0,105.05.06,18.0,17.6,台北一,109,17.9,18.0,298.0
355,鳳梨-其他,B0,105.05.07,19.0,15.6,台北一,109,17.5,17.6,2676.0
356,鳳梨-其他,B0,105.05.10,35.0,31.7,台北一,109,34.2,34.8,1296.0
357,鳳梨-其他,B0,105.05.11,35.0,30.0,台北一,109,33.4,34.0,611.0
358,鳳梨-其他,B0,105.05.12,23.0,21.2,台北一,109,22.4,22.7,1095.0
359,鳳梨-其他,B0,105.05.13,28.0,21.0,台北一,109,25.1,25.5,582.0
360,鳳梨-其他,B0,105.05.15,30.6,16.0,台北一,109,25.7,27.4,1053.0
361,鳳梨-其他,B0,105.05.17,25.0,24.0,台北一,109,24.8,25.0,242.0
362,鳳梨-其他,B0,105.05.19,26.0,26.0,台北一,109,26.0,26.0,81.0
363,鳳梨-其他,B0,105.05.20,35.0,23.8,台北一,109,29.5,29.6,380.0
364,鳳梨-其他,B0,105.05.25,22.0,18.7,台北一,109,20.8,21.1,497.0
365,鳳梨-其他,B0,105.05.31,33.0,18.3,台北一,109,28.0,29.6,424.0
366,鳳梨-其他,B0,105.06.02,38.0,31.7,台北一,109,35.7,36.3,414.0
367,鳳梨-其他,B0,105.06.03,49.7,45.0,台北一,109,46.0,45.0,264.0
368,鳳梨-其他,B0,105.06.04,43.0,38.1,台北一,109,41.0,41.3,314.0
369,鳳梨-其他,B0,105.06.05,46.0,38.2,台北一,109,43.0,43.6,636.0
370,鳳梨-其他,B0,105.06.07,49.5,40.6,台北一,109,44.8,44.6,723.0
371,鳳梨-其他,B0,105.06.08,47.7,40.0,台北一,109,43.9,43.8,155.0
372,鳳梨-其他,B0,105.06.15,10.0,10.0,台北一,109,10.0,10.0,1440.0
373,鳳梨-其他,B0,105.06.17,33.0,28.0,台北一,109,29.9,29.5,170.0
374,鳳梨-其他,B0,105.06.18,39.7,25.9,台北一,109,33.5,33.9,626.0
375,鳳梨-其他,B0,105.06.19,38.7,25.0,台北一,109,29.1,27.2,422.0
376,鳳梨-其他,B0,105.06.21,46.1,25.5,台北一,109,36.3,36.7,448.0
377,鳳梨-其他,B0,105.06.22,35.0,35.0,台北一,109,35.0,35.0,1070.0
378,鳳梨-其他,B0,105.06.23,36.2,28.7,台北一,109,32.1,32.0,1665.0
379,鳳梨-其他,B0,105.06.24,31.1,13.4,台北一,109,26.6,29.5,1284.0
380,鳳梨-其他,B0,105.06.25,33.8,23.2,台北一,109,28.9,29.1,2352.0
381,鳳梨-其他,B0,105.06.26,30.0,18.4,台北一,109,26.5,28.0,1124.0
382,鳳梨-其他,B0,105.06.28,29.9,16.6,台北一,109,24.4,25.2,5953.0
383,鳳梨-其他,B0,105.06.29,26.7,18.3,台北一,109,23.0,23.3,3843.0
384,鳳梨-其他,B0,105.06.30,27.7,21.6,台北一,109,24.7,24.7,3991.0
385,鳳梨-其他,B0,105.07.01,35.6,25.5,台北一,109,30.0,29.6,1347.0
386,鳳梨-其他,B0,105.07.02,30.3,13.6,台北一,109,24.3,25.9,6929.0
387,鳳梨-其他,B0,105.07.03,31.3,21.8,台北一,109,26.5,26.4,7765.0
388,鳳梨-其他,B0,105.07.05,38.9,24.5,台北一,109,31.0,30.6,2183.0
389,鳳梨-其他,B0,105.07.06,31.4,23.8,台北一,109,26.0,25.0,1782.0
390,鳳梨-其他,B0,105.07.07,36.4,18.6,台北一,109,26.5,25.9,3255.0
391,鳳梨-其他,B0,105.07.08,28.3,21.7,台北一,109,25.5,25.8,3383.0
392,鳳梨-其他,B0,105.07.09,28.7,22.0,台北一,109,26.0,26.5,2630.0
393,鳳梨-其他,B0,105.07.10,25.7,16.3,台北一,109,21.5,21.8,1996.0
394,鳳梨-其他,B0,105.07.12,39.7,14.0,台北一,109,25.5,24.6,2583.0
395,鳳梨-其他,B0,105.07.13,22.6,12.6,台北一,109,17.6,17.6,4147.0
396,鳳梨-其他,B0,105.07.14,20.0,10.0,台北一,109,15.2,15.3,3162.0
397,鳳梨-其他,B0,105.07.15,17.7,9.3,台北一,109,13.2,13.1,1642.0
398,鳳梨-其他,B0,105.07.16,31.3,11.6,台北一,109,17.1,14.2,2571.0
399,鳳梨-其他,B0,105.07.17,28.0,10.0,台北一,109,17.6,16.7,1381.0
400,鳳梨-其他,B0,105.07.19,28.0,12.0,台北一,109,19.2,18.7,1612.0
401,鳳梨-其他,B0,105.07.20,28.0,10.0,台北一,109,17.7,16.8,951.0
402,鳳梨-其他,B0,105.07.21,30.0,15.0,台北一,109,26.1,28.5,1122.0
403,鳳梨-其他,B0,105.07.22,30.0,15.6,台北一,109,25.6,27.5,1192.0
404,鳳梨-其他,B0,105.07.23,30.0,15.0,台北一,109,21.8,21.3,2323.0
405,鳳梨-其他,B0,105.07.24,35.0,23.4,台北一,109,32.3,34.3,1392.0
406,鳳梨-其他,B0,105.07.26,37.9,13.6,台北一,109,27.8,29.2,3324.0
407,鳳梨-其他,B0,105.07.27,40.9,20.0,台北一,109,32.8,34.4,1784.0
408,鳳梨-其他,B0,105.07.28,44.6,32.8,台北一,109,38.7,38.6,2723.0
409,鳳梨-其他,B0,105.07.29,50.8,22.1,台北一,109,39.5,41.5,2291.0
410,鳳梨-其他,B0,105.07.30,52.3,19.1,台北一,109,36.5,37.0,2695.0
411,鳳梨-其他,B0,105.07.31,55.2,50.0,台北一,109,52.2,51.9,1667.0
412,鳳梨-其他,B0,105.08.02,57.3,41.4,台北一,109,49.1,48.9,4170.0
413,鳳梨-其他,B0,105.08.03,53.0,26.1,台北一,109,43.9,46.8,3967.0
414,鳳梨-其他,B0,105.08.04,53.2,27.2,台北一,109,44.9,48.1,2010.0
415,鳳梨-其他,B0,105.08.05,51.3,25.9,台北一,109,43.0,46.0,2739.0
416,鳳梨-其他,B0,105.08.06,46.3,27.2,台北一,109,36.3,36.0,3382.0
417,鳳梨-其他,B0,105.08.07,40.7,20.1,台北一,109,29.7,29.3,3036.0
418,鳳梨-其他,B0,105.08.09,46.0,19.3,台北一,109,37.9,41.4,2443.0
419,鳳梨-其他,B0,105.08.10,33.2,12.1,台北一,109,21.5,20.7,1062.0
420,鳳梨-其他,B0,105.08.11,64.2,43.0,台北一,109,47.7,43.8,94.0
421,鳳梨-其他,B0,105.08.12,43.5,36.6,台北一,109,39.7,39.5,1029.0
422,鳳梨-其他,B0,105.08.13,81.0,70.0,台北一,109,77.1,78.1,49.0
423,鳳梨-其他,B0,105.08.14,63.7,20.0,台北一,109,41.9,41.9,133.0
424,鳳梨-其他,B0,105.08.16,47.1,11.2,台北一,109,25.8,23.6,2462.0
425,鳳梨-其他,B0,105.08.17,33.7,15.0,台北一,109,18.7,15.0,654.0
426,鳳梨-其他,B0,105.08.20,30.0,30.0,台北一,109,30.0,30.0,315.0
427,鳳梨-其他,B0,105.08.21,25.0,25.0,台北一,109,25.0,25.0,722.0
428,鳳梨-其他,B0,105.08.26,14.4,8.0,台北一,109,9.3,8.0,204.0
429,鳳梨-其他,B0,105.08.27,18.0,10.0,台北一,109,15.4,16.3,142.0
430,鳳梨-其他,B0,105.08.28,18.0,17.0,台北一,109,17.5,17.5,149.0
431,鳳梨-其他,B0,105.08.30,22.3,11.2,台北一,109,15.2,14.2,827.0
432,鳳梨-其他,B0,105.08.31,13.4,10.0,台北一,109,11.2,10.9,885.0
433,鳳梨-其他,B0,105.09.01,19.9,10.0,台北一,109,12.7,11.2,373.0
434,鳳梨-其他,B0,105.09.07,8.0,5.0,台北一,109,6.4,6.3,258.0
435,鳳梨-其他,B0,105.09.15,6.0,6.0,台北一,109,6.0,6.0,62.0
436,鳳梨-其他,B0,105.09.23,20.0,15.0,台北一,109,17.9,18.2,19.0
437,鳳梨-其他,B0,105.09.27,20.0,20.0,台北一,109,20.0,20.0,480.0
438,鳳梨-其他,B0,105.10.02,33.0,30.0,台北一,109,31.4,31.4,57.0
439,鳳梨-其他,B0,105.10.12,14.0,14.0,台北一,109,14.0,14.0,54.0
440,鳳梨-其他,B0,105.10.14,25.4,24.0,台北一,109,24.3,24.0,298.0
441,鳳梨-其他,B0,105.10.15,24.0,24.0,台北一,109,24.0,24.0,136.0
442,鳳梨-其他,B0,105.10.19,24.0,24.0,台北一,109,24.0,24.0,20.0
443,鳳梨-其他,B0,105.10.22,30.0,17.6,台北一,109,22.8,22.1,432.0
444,鳳梨-其他,B0,105.10.23,33.4,24.0,台北一,109,28.3,28.0,817.0
445,鳳梨-其他,B0,105.10.25,31.2,21.1,台北一,109,26.4,26.5,885.0
446,鳳梨-其他,B0,105.10.26,32.0,20.0,台北一,109,26.8,27.4,847.0
447,鳳梨-其他,B0,105.10.27,33.0,30.2,台北一,109,32.4,33.0,166.0
448,鳳梨-其他,B0,105.10.28,38.0,24.3,台北一,109,29.1,27.8,1168.0
449,鳳梨-其他,B0,105.10.29,38.0,33.8,台北一,109,37.2,38.0,418.0
450,鳳梨-其他,B0,105.10.30,35.6,26.2,台北一,109,31.3,31.5,921.0
451,鳳梨-其他,B0,105.11.01,32.0,31.0,台北一,109,31.8,32.0,615.0
452,鳳梨-其他,B0,105.11.02,11.0,11.0,台北一,109,11.0,11.0,132.0
453,鳳梨-其他,B0,105.11.03,32.0,21.5,台北一,109,28.9,30.4,510.0
454,鳳梨-其他,B0,105.11.05,26.0,16.3,台北一,109,21.1,21.0,469.0
455,鳳梨-其他,B0,105.11.06,22.0,22.0,台北一,109,22.0,22.0,174.0
456,鳳梨-其他,B0,105.11.09,21.0,20.0,台北一,109,20.5,20.5,230.0
457,鳳梨-其他,B0,105.11.10,20.0,18.0,台北一,109,18.5,18.1,259.0
458,鳳梨-其他,B0,105.11.12,18.9,13.0,台北一,109,17.0,17.8,864.0
459,鳳梨-其他,B0,105.11.13,18.6,10.0,台北一,109,12.4,11.1,2320.0
460,鳳梨-其他,B0,105.11.15,22.8,15.0,台北一,109,19.2,19.4,340.0
461,鳳梨-其他,B0,105.11.20,17.0,12.0,台北一,109,14.0,13.6,389.0
462,鳳梨-其他,B0,105.11.25,15.0,15.0,台北一,109,15.0,15.0,44.0
463,鳳梨-其他,B0,105.11.26,15.0,15.0,台北一,109,15.0,15.0,44.0
464,鳳梨-其他,B0,105.11.27,15.0,15.0,台北一,109,15.0,15.0,44.0
465,鳳梨-其他,B0,105.11.29,20.0,17.3,台北一,109,19.5,20.0,400.0
466,鳳梨-其他,B0,105.11.30,15.0,15.0,台北一,109,15.0,15.0,44.0
467,鳳梨-其他,B0,105.12.01,15.0,15.0,台北一,109,15.0,15.0,44.0
468,鳳梨-其他,B0,105.12.02,15.0,15.0,台北一,109,15.0,15.0,44.0
469,鳳梨-其他,B0,105.12.04,8.0,8.0,台北一,109,8.0,8.0,22.0
470,鳳梨-其他,B0,105.12.06,10.0,10.0,台北一,109,10.0,10.0,90.0
471,鳳梨-其他,B0,105.12.07,15.0,14.0,台北一,109,14.6,14.6,616.0
472,鳳梨-其他,B0,105.12.10,17.0,11.0,台北一,109,14.0,13.9,170.0
473,鳳梨-其他,B0,105.12.11,15.0,14.3,台北一,109,14.9,15.0,379.0
474,鳳梨-其他,B0,105.12.15,40.0,28.0,台北一,109,36.5,38.2,338.0
475,鳳梨-其他,B0,105.12.20,28.0,24.6,台北一,109,27.3,28.0,81.0
476,鳳梨-其他,B0,105.12.28,16.0,16.0,台北一,109,16.0,16.0,80.0
477,鳳梨-其他,B0,106.01.13,23.2,20.0,台北一,109,20.6,20.0,117.0
478,鳳梨-其他,B0,106.01.19,20.0,20.0,台北一,109,20.0,20.0,31.0
479,鳳梨-其他,B0,106.01.20,20.0,20.0,台北一,109,20.0,20.0,54.0
480,鳳梨-其他,B0,106.01.27,25.0,25.0,台北一,109,25.0,25.0,16.0
481,鳳梨-其他,B0,106.02.03,16.0,16.0,台北一,109,16.0,16.0,275.0
482,鳳梨-其他,B0,106.03.18,25.7,18.3,台北一,109,22.2,22.3,431.0
483,鳳梨-其他,B0,106.03.26,17.6,10.0,台北一,109,12.6,11.8,411.0
484,鳳梨-其他,B0,106.04.03,22.0,22.0,台北一,109,22.0,22.0,11.0
485,鳳梨-其他,B0,106.04.07,18.0,18.0,台北一,109,18.0,18.0,24.0
486,鳳梨-其他,B0,106.04.12,19.0,16.0,台北一,109,17.7,17.8,310.0
487,鳳梨-其他,B0,106.04.14,24.0,16.0,台北一,109,20.9,21.5,513.0
488,鳳梨-其他,B0,106.04.15,25.0,10.9,台北一,109,18.9,19.5,404.0
489,鳳梨-其他,B0,106.04.20,24.5,15.0,台北一,109,20.3,20.8,808.0
490,鳳梨-其他,B0,106.04.22,19.8,11.4,台北一,109,15.9,16.1,834.0
491,鳳梨-其他,B0,106.04.23,24.0,22.0,台北一,109,23.0,23.0,515.0
492,鳳梨-其他,B0,106.04.25,23.0,17.4,台北一,109,20.3,20.3,1111.0
493,鳳梨-其他,B0,106.04.26,27.5,18.9,台北一,109,22.8,22.6,539.0
494,鳳梨-其他,B0,106.04.28,24.0,20.0,台北一,109,22.6,23.0,510.0
495,鳳梨-其他,B0,106.04.29,20.0,20.0,台北一,109,20.0,20.0,46.0
496,鳳梨-其他,B0,106.04.30,20.0,20.0,台北一,109,20.0,20.0,65.0
497,鳳梨-其他,B0,106.05.02,23.0,20.0,台北一,109,21.0,20.7,361.0
498,鳳梨-其他,B0,106.05.05,25.0,20.0,台北一,109,22.8,23.1,798.0
499,鳳梨-其他,B0,106.05.07,21.8,18.0,台北一,109,19.8,19.8,513.0
500,鳳梨-其他,B0,106.05.09,25.0,20.0,台北一,109,22.4,22.3,255.0
501,鳳梨-其他,B0,106.05.10,27.0,22.0,台北一,109,24.6,24.6,258.0
502,鳳梨-其他,B0,106.05.14,22.0,21.6,台北一,109,21.9,22.0,191.0
503,鳳梨-其他,B0,106.05.17,24.0,18.0,台北一,109,20.1,19.5,348.0
504,鳳梨-其他,B0,106.05.23,20.0,15.4,台北一,109,18.6,19.2,240.0
505,鳳梨-其他,B0,106.05.24,17.0,17.0,台北一,109,17.0,17.0,120.0
506,鳳梨-其他,B0,106.05.27,22.0,22.0,台北一,109,22.0,22.0,26.0
507,鳳梨-其他,B0,106.05.29,36.6,25.0,台北一,109,30.7,30.6,707.0
508,鳳梨-其他,B0,106.06.02,37.4,26.4,台北一,109,30.9,30.2,541.0
509,鳳梨-其他,B0,106.06.06,29.0,10.7,台北一,109,22.0,23.5,386.0
510,鳳梨-其他,B0,106.06.07,34.5,25.0,台北一,109,27.2,25.6,287.0
511,鳳梨-其他,B0,106.06.08,20.0,13.6,台北一,109,18.5,19.7,153.0
512,鳳梨-其他,B0,106.06.09,24.0,15.0,台北一,109,21.0,22.1,832.0
513,鳳梨-其他,B0,106.06.10,18.0,12.5,台北一,109,15.8,16.2,1408.0
514,鳳梨-其他,B0,106.06.11,17.0,16.4,台北一,109,16.9,17.0,392.0
515,鳳梨-其他,B0,106.06.13,26.0,20.0,台北一,109,23.3,23.4,494.0
516,鳳梨-其他,B0,106.06.14,26.0,12.2,台北一,109,20.2,20.9,953.0
517,鳳梨-其他,B0,106.06.15,28.0,13.9,台北一,109,19.3,18.2,1677.0
518,鳳梨-其他,B0,106.06.16,18.0,12.4,台北一,109,15.3,15.3,3406.0
519,鳳梨-其他,B0,106.06.17,16.9,12.9,台北一,109,15.1,15.2,5582.0
520,鳳梨-其他,B0,106.06.18,20.6,16.8,台北一,109,19.5,19.9,3488.0
521,鳳梨-其他,B0,106.06.20,24.6,17.3,台北一,109,21.0,21.0,3664.0
522,鳳梨-其他,B0,106.06.21,22.3,14.3,台北一,109,18.7,19.0,2937.0
523,鳳梨-其他,B0,106.06.22,23.6,14.5,台北一,109,20.4,21.2,2447.0
524,鳳梨-其他,B0,106.06.23,22.7,13.2,台北一,109,18.9,19.6,3010.0
525,鳳梨-其他,B0,106.06.24,22.0,11.9,台北一,109,18.0,18.7,3112.0
526,鳳梨-其他,B0,106.06.25,31.8,21.6,台北一,109,23.9,22.0,1007.0
527,鳳梨-其他,B0,106.06.27,27.3,12.6,台北一,109,17.4,15.6,3567.0
528,鳳梨-其他,B0,106.06.28,30.4,15.1,台北一,109,20.9,19.7,1164.0
529,鳳梨-其他,B0,106.06.29,32.3,15.0,台北一,109,19.8,17.2,684.0
530,鳳梨-其他,B0,106.06.30,31.5,16.1,台北一,109,21.2,19.4,1678.0
531,鳳梨-其他,B0,106.07.01,32.6,16.1,台北一,109,22.1,20.6,2058.0
532,鳳梨-其他,B0,106.07.02,28.5,13.8,台北一,109,18.8,17.2,4000.0
533,鳳梨-其他,B0,106.07.04,30.9,18.5,台北一,109,23.0,21.8,4452.0
534,鳳梨-其他,B0,106.07.05,26.4,14.7,台北一,109,20.0,19.7,4503.0
535,鳳梨-其他,B0,106.07.06,27.5,17.6,台北一,109,21.8,21.3,3475.0
536,鳳梨-其他,B0,106.07.07,28.6,18.1,台北一,109,23.7,23.9,3141.0
537,鳳梨-其他,B0,106.07.08,27.6,18.1,台北一,109,23.5,23.9,3686.0
538,鳳梨-其他,B0,106.07.09,27.4,16.8,台北一,109,21.7,21.4,2767.0
539,鳳梨-其他,B0,106.07.11,27.0,11.0,台北一,109,20.3,21.2,1275.0
540,鳳梨-其他,B0,106.07.12,23.4,10.0,台北一,109,16.3,16.0,408.0
541,鳳梨-其他,B0,106.07.13,23.0,10.0,台北一,109,14.5,13.2,464.0
542,鳳梨-其他,B0,106.07.14,24.7,20.1,台北一,109,22.4,22.4,1702.0
543,鳳梨-其他,B0,106.07.15,19.1,17.0,台北一,109,18.0,18.0,1845.0
544,鳳梨-其他,B0,106.07.16,22.0,15.2,台北一,109,20.2,21.3,650.0
545,鳳梨-其他,B0,106.07.18,25.9,19.3,台北一,109,22.1,21.8,2799.0
546,鳳梨-其他,B0,106.07.19,21.8,10.9,台北一,109,16.5,16.6,1176.0
547,鳳梨-其他,B0,106.07.20,31.2,19.0,台北一,109,24.8,24.5,1505.0
548,鳳梨-其他,B0,106.07.21,32.7,17.1,台北一,109,22.6,21.2,683.0
549,鳳梨-其他,B0,106.07.22,25.9,16.3,台北一,109,22.1,22.8,5074.0
550,鳳梨-其他,B0,106.07.23,32.1,17.3,台北一,109,23.8,23.1,1846.0
551,鳳梨-其他,B0,106.07.25,26.9,13.8,台北一,109,22.1,23.2,3355.0
552,鳳梨-其他,B0,106.07.26,27.0,11.2,台北一,109,22.1,24.1,769.0
553,鳳梨-其他,B0,106.07.27,33.2,17.1,台北一,109,24.9,24.7,759.0
554,鳳梨-其他,B0,106.07.28,34.7,22.1,台北一,109,28.4,28.5,1654.0
555,鳳梨-其他,B0,106.07.29,35.0,11.3,台北一,109,25.8,27.5,1996.0
556,鳳梨-其他,B0,106.07.30,31.3,17.1,台北一,109,23.0,22.3,1117.0
557,鳳梨-其他,B0,106.08.01,38.0,20.5,台北一,109,29.6,29.8,1573.0
558,鳳梨-其他,B0,106.08.02,33.1,20.2,台北一,109,27.3,27.6,2192.0
559,鳳梨-其他,B0,106.08.03,33.0,17.8,台北一,109,27.5,28.9,831.0
560,鳳梨-其他,B0,106.08.04,23.4,9.8,台北一,109,16.6,16.6,2926.0
561,鳳梨-其他,B0,106.08.05,27.6,13.7,台北一,109,23.3,25.0,1639.0
562,鳳梨-其他,B0,106.08.06,25.0,18.7,台北一,109,22.0,22.2,625.0
563,鳳梨-其他,B0,106.08.08,23.0,12.8,台北一,109,20.8,22.8,746.0
564,鳳梨-其他,B0,106.08.09,35.0,30.0,台北一,109,33.4,33.9,361.0
565,鳳梨-其他,B0,106.08.10,26.0,26.0,台北一,109,26.0,26.0,14.0
566,鳳梨-其他,B0,106.08.12,50.0,50.0,台北一,109,50.0,50.0,70.0
567,鳳梨-其他,B0,106.08.15,50.0,50.0,台北一,109,50.0,50.0,205.0
568,鳳梨-其他,B0,106.08.16,45.0,38.5,台北一,109,43.5,44.7,323.0
569,鳳梨-其他,B0,106.08.18,50.0,50.0,台北一,109,50.0,50.0,152.0
570,鳳梨-其他,B0,106.08.19,50.0,50.0,台北一,109,50.0,50.0,370.0
571,鳳梨-其他,B0,106.08.22,36.0,33.1,台北一,109,35.1,35.4,261.0
572,鳳梨-其他,B0,106.08.23,30.0,24.7,台北一,109,27.7,28.0,90.0
573,鳳梨-其他,B0,106.08.27,33.0,33.0,台北一,109,33.0,33.0,14.0
574,鳳梨-其他,B0,106.08.29,27.0,25.1,台北一,109,26.6,27.0,59.0
575,鳳梨-其他,B0,106.09.01,27.0,27.0,台北一,109,27.0,27.0,22.0
576,鳳梨-其他,B0,106.09.02,18.9,12.3,台北一,109,15.3,15.2,478.0
577,鳳梨-其他,B0,106.09.03,25.0,12.5,台北一,109,16.7,15.3,391.0
578,鳳梨-其他,B0,106.09.04,25.0,20.0,台北一,109,22.2,22.0,93.0
579,鳳梨-其他,B0,106.09.08,25.0,21.1,台北一,109,22.9,22.9,537.0
580,鳳梨-其他,B0,106.09.09,20.0,20.0,台北一,109,20.0,20.0,975.0
581,鳳梨-其他,B0,106.09.10,20.0,20.0,台北一,109,20.0,20.0,247.0
582,鳳梨-其他,B0,106.09.12,20.0,10.1,台北一,109,16.9,18.1,586.0
583,鳳梨-其他,B0,106.09.13,20.0,20.0,台北一,109,20.0,20.0,303.0
584,鳳梨-其他,B0,106.09.14,20.0,19.0,台北一,109,19.3,19.2,338.0
585,鳳梨-其他,B0,106.09.15,15.7,13.0,台北一,109,14.5,14.7,1451.0
586,鳳梨-其他,B0,106.09.16,15.0,15.0,台北一,109,15.0,15.0,575.0
587,鳳梨-其他,B0,106.09.20,15.0,12.0,台北一,109,13.8,14.0,289.0
588,鳳梨-其他,B0,106.09.24,18.0,15.0,台北一,109,15.9,15.4,240.0
589,鳳梨-其他,B0,106.10.04,20.0,16.1,台北一,109,19.1,19.8,134.0
590,鳳梨-其他,B0,106.10.07,20.0,20.0,台北一,109,20.0,20.0,141.0
591,鳳梨-其他,B0,106.10.08,15.0,12.0,台北一,109,13.3,13.2,845.0
592,鳳梨-其他,B0,106.10.12,25.0,15.0,台北一,109,19.9,19.7,234.0
593,鳳梨-其他,B0,106.10.13,15.0,9.0,台北一,109,12.3,12.6,491.0
594,鳳梨-其他,B0,106.10.14,15.0,15.0,台北一,109,15.0,15.0,77.0
595,鳳梨-其他,B0,106.10.20,20.0,20.0,台北一,109,20.0,20.0,64.0
596,鳳梨-其他,B0,106.10.24,13.0,13.0,台北一,109,13.0,13.0,30.0
597,鳳梨-其他,B0,106.10.25,13.5,12.0,台北一,109,12.3,12.0,502.0
598,鳳梨-其他,B0,106.10.26,15.0,12.2,台北一,109,13.7,13.8,373.0
599,鳳梨-其他,B0,106.10.29,23.0,20.0,台北一,109,21.6,21.6,365.0
600,鳳梨-其他,B0,106.11.01,18.0,17.0,台北一,109,17.4,17.4,50.0
601,鳳梨-其他,B0,106.11.15,25.0,13.6,台北一,109,18.0,17.1,152.0
602,鳳梨-其他,B0,106.11.16,20.0,15.0,台北一,109,17.3,17.1,198.0
603,鳳梨-其他,B0,106.11.17,10.0,10.0,台北一,109,10.0,10.0,459.0
604,鳳梨-其他,B0,106.11.18,10.0,10.0,台北一,109,10.0,10.0,324.0
605,鳳梨-其他,B0,106.11.25,11.4,10.0,台北一,109,10.8,10.9,932.0
606,鳳梨-其他,B0,106.12.02,10.0,10.0,台北一,109,10.0,10.0,30.0
607,鳳梨-其他,B0,106.12.03,10.0,10.0,台北一,109,10.0,10.0,176.0
608,鳳梨-其他,B0,106.12.14,15.0,15.0,台北一,109,15.0,15.0,26.0
609,鳳梨-其他,B0,106.12.15,15.0,15.0,台北一,109,15.0,15.0,20.0
610,鳳梨-其他,B0,107.01.16,27.0,27.0,台北一,109,27.0,27.0,246.0
611,鳳梨-其他,B0,107.01.17,24.9,20.0,台北一,109,22.4,22.3,257.0
612,鳳梨-其他,B0,107.01.27,20.0,20.0,台北一,109,20.0,20.0,348.0
613,鳳梨-其他,B0,107.01.28,20.0,20.0,台北一,109,20.0,20.0,477.0
614,鳳梨-其他,B0,107.01.30,21.0,20.0,台北一,109,20.7,20.9,304.0
615,鳳梨-其他,B0,107.01.31,17.0,15.0,台北一,109,16.0,15.9,327.0
616,鳳梨-其他,B0,107.02.07,18.0,18.0,台北一,109,18.0,18.0,53.0
617,鳳梨-其他,B0,107.02.08,22.0,15.0,台北一,109,19.8,20.6,380.0
618,鳳梨-其他,B0,107.02.10,18.0,14.8,台北一,109,16.1,16.0,374.0
619,鳳梨-其他,B0,107.02.11,22.9,16.9,台北一,109,20.0,20.0,1020.0
620,鳳梨-其他,B0,107.02.12,25.0,19.8,台北一,109,23.2,23.7,228.0
621,鳳梨-其他,B0,107.02.13,28.6,10.0,台北一,109,16.2,14.1,1194.0
622,鳳梨-其他,B0,107.02.14,20.1,16.0,台北一,109,18.5,18.8,432.0
623,鳳梨-其他,B0,107.02.22,24.0,24.0,台北一,109,24.0,24.0,80.0
624,鳳梨-其他,B0,107.02.27,17.0,10.4,台北一,109,14.1,14.4,245.0
625,鳳梨-其他,B0,107.02.28,27.8,8.0,台北一,109,14.3,11.8,269.0
626,鳳梨-其他,B0,107.03.01,27.0,15.5,台北一,109,22.8,23.8,406.0
627,鳳梨-其他,B0,107.03.02,31.0,28.6,台北一,109,30.5,31.0,131.0
628,鳳梨-其他,B0,107.03.08,20.0,15.0,台北一,109,17.1,16.8,864.0
629,鳳梨-其他,B0,107.03.09,30.0,22.0,台北一,109,27.0,27.6,204.0
630,鳳梨-其他,B0,107.03.13,18.3,14.0,台北一,109,15.3,14.7,584.0
631,鳳梨-其他,B0,107.03.14,12.0,9.4,台北一,109,11.3,11.6,605.0
632,鳳梨-其他,B0,107.03.15,20.0,8.7,台北一,109,13.4,12.8,417.0
633,鳳梨-其他,B0,107.03.16,22.0,17.0,台北一,109,19.9,20.2,430.0
634,鳳梨-其他,B0,107.03.17,17.0,17.0,台北一,109,17.0,17.0,70.0
635,鳳梨-其他,B0,107.03.25,20.0,17.0,台北一,109,17.9,17.5,367.0
636,鳳梨-其他,B0,107.03.27,17.7,13.4,台北一,109,15.2,15.0,446.0
637,鳳梨-其他,B0,107.03.29,17.0,17.0,台北一,109,17.0,17.0,252.0
638,鳳梨-其他,B0,107.03.30,20.0,20.0,台北一,109,20.0,20.0,264.0
639,鳳梨-其他,B0,107.03.31,12.0,12.0,台北一,109,12.0,12.0,10.0
640,鳳梨-其他,B0,107.04.04,25.0,25.0,台北一,109,25.0,25.0,27.0
641,鳳梨-其他,B0,107.04.07,20.0,20.0,台北一,109,20.0,20.0,140.0
642,鳳梨-其他,B0,107.04.10,18.0,18.0,台北一,109,18.0,18.0,440.0
643,鳳梨-其他,B0,107.04.12,18.0,18.0,台北一,109,18.0,18.0,330.0
644,鳳梨-其他,B0,107.04.15,18.0,18.0,台北一,109,18.0,18.0,227.0
645,鳳梨-其他,B0,107.04.17,18.0,18.0,台北一,109,18.0,18.0,414.0
646,鳳梨-其他,B0,107.04.18,25.0,25.0,台北一,109,25.0,25.0,391.0
647,鳳梨-其他,B0,107.04.19,24.0,24.0,台北一,109,24.0,24.0,154.0
648,鳳梨-其他,B0,107.04.21,17.0,17.0,台北一,109,17.0,17.0,460.0
649,鳳梨-其他,B0,107.04.22,18.0,18.0,台北一,109,18.0,18.0,546.0
650,鳳梨-其他,B0,107.04.24,18.0,18.0,台北一,109,18.0,18.0,460.0
651,鳳梨-其他,B0,107.04.28,16.0,15.3,台北一,109,15.9,16.0,851.0
652,鳳梨-其他,B0,107.04.29,15.0,15.0,台北一,109,15.0,15.0,736.0
653,鳳梨-其他,B0,107.05.01,18.0,18.0,台北一,109,18.0,18.0,667.0
654,鳳梨-其他,B0,107.05.04,17.0,17.0,台北一,109,17.0,17.0,368.0
655,鳳梨-其他,B0,107.05.05,15.0,15.0,台北一,109,15.0,15.0,391.0
656,鳳梨-其他,B0,107.05.08,12.0,12.0,台北一,109,12.0,12.0,115.0
657,鳳梨-其他,B0,107.05.09,10.0,10.0,台北一,109,10.0,10.0,230.0
658,鳳梨-其他,B0,107.05.10,20.0,16.0,台北一,109,18.3,18.6,584.0
659,鳳梨-其他,B0,107.05.11,15.0,15.0,台北一,109,15.0,15.0,264.0
660,鳳梨-其他,B0,107.05.13,12.0,12.0,台北一,109,12.0,12.0,264.0
661,鳳梨-其他,B0,107.05.15,23.4,18.4,台北一,109,20.5,20.1,344.0
662,鳳梨-其他,B0,107.05.17,23.1,18.0,台北一,109,19.7,19.2,435.0
663,鳳梨-其他,B0,107.05.23,23.8,16.0,台北一,109,18.9,18.2,293.0
664,鳳梨-其他,B0,107.05.26,20.2,15.0,台北一,109,17.6,17.6,488.0
665,鳳梨-其他,B0,107.05.27,16.0,15.0,台北一,109,15.6,15.7,278.0
666,鳳梨-其他,B0,107.05.29,12.0,10.0,台北一,109,11.2,11.3,244.0
667,鳳梨-其他,B0,107.05.31,10.0,4.6,台北一,109,7.5,7.7,1099.0
668,鳳梨-其他,B0,107.06.02,12.0,7.0,台北一,109,9.8,10.1,194.0
669,鳳梨-其他,B0,107.06.05,14.8,6.0,台北一,109,8.4,7.1,582.0
670,鳳梨-其他,B0,107.06.06,10.0,8.0,台北一,109,9.0,9.0,173.0
671,鳳梨-其他,B0,107.06.09,10.0,10.0,台北一,109,10.0,10.0,55.0
672,鳳梨-其他,B0,107.06.12,3.0,3.0,台北一,109,3.0,3.0,315.0
673,鳳梨-其他,B0,107.06.13,17.6,15.0,台北一,109,15.7,15.3,370.0
674,鳳梨-其他,B0,107.06.14,15.0,10.0,台北一,109,12.1,11.9,2100.0
675,鳳梨-其他,B0,107.06.15,14.0,9.2,台北一,109,12.8,13.5,237.0
676,鳳梨-其他,B0,107.06.16,10.6,8.0,台北一,109,9.1,9.0,1312.0
677,鳳梨-其他,B0,107.06.18,10.5,10.0,台北一,109,10.1,10.0,456.0
678,鳳梨-其他,B0,107.06.21,13.9,4.0,台北一,109,7.8,7.0,698.0
679,鳳梨-其他,B0,107.06.22,8.0,8.0,台北一,109,8.0,8.0,552.0
680,鳳梨-其他,B0,107.06.23,8.0,8.0,台北一,109,8.0,8.0,950.0
681,鳳梨-其他,B0,107.06.24,17.0,9.8,台北一,109,12.4,11.8,750.0
682,鳳梨-其他,B0,107.06.26,12.2,5.0,台北一,109,9.5,10.0,5486.0
683,鳳梨-其他,B0,107.06.27,12.1,6.8,台北一,109,9.5,9.6,3159.0
684,鳳梨-其他,B0,107.06.28,11.4,6.0,台北一,109,8.1,7.6,1585.0
685,鳳梨-其他,B0,107.06.29,7.8,6.0,台北一,109,6.5,6.1,2757.0
686,鳳梨-其他,B0,107.06.30,7.8,5.0,台北一,109,5.6,5.0,1624.0
687,鳳梨-其他,B0,107.07.01,10.4,8.0,台北一,109,9.4,9.6,1003.0
688,鳳梨-其他,B0,107.07.03,12.0,5.0,台北一,109,8.4,8.3,1303.0
689,鳳梨-其他,B0,107.07.04,25.0,10.1,台北一,109,16.6,16.0,421.0
690,鳳梨-其他,B0,107.07.05,12.0,11.4,台北一,109,11.9,12.0,825.0
691,鳳梨-其他,B0,107.07.06,12.0,10.0,台北一,109,10.7,10.5,1917.0
692,鳳梨-其他,B0,107.07.07,16.5,9.9,台北一,109,12.1,11.4,1788.0
693,鳳梨-其他,B0,107.07.08,15.1,6.6,台北一,109,9.3,8.4,2615.0
694,鳳梨-其他,B0,107.07.10,17.8,5.7,台北一,109,12.8,13.5,6729.0
695,鳳梨-其他,B0,107.07.11,14.0,8.9,台北一,109,11.4,11.4,3724.0
696,鳳梨-其他,B0,107.07.12,25.3,11.1,台北一,109,16.7,15.7,3123.0
697,鳳梨-其他,B0,107.07.13,25.0,16.7,台北一,109,20.5,20.3,4442.0
698,鳳梨-其他,B0,107.07.14,20.6,14.8,台北一,109,17.2,16.9,6596.0
699,鳳梨-其他,B0,107.07.15,25.2,15.9,台北一,109,18.7,17.5,6102.0
700,鳳梨-其他,B0,107.07.17,26.7,14.7,台北一,109,19.2,18.2,11956.0
701,鳳梨-其他,B0,107.07.18,21.8,14.9,台北一,109,16.9,16.0,14463.0
702,鳳梨-其他,B0,107.07.19,20.8,14.1,台北一,109,16.7,16.2,20592.0
703,鳳梨-其他,B0,107.07.20,21.7,12.7,台北一,109,16.4,15.8,16319.0
704,鳳梨-其他,B0,107.07.21,20.6,13.7,台北一,109,16.7,16.4,16879.0
705,鳳梨-其他,B0,107.07.22,23.8,13.8,台北一,109,17.6,16.9,13624.0
706,鳳梨-其他,B0,107.07.24,22.1,14.2,台北一,109,17.9,17.8,13692.0
707,鳳梨-其他,B0,107.07.25,24.5,16.6,台北一,109,20.9,21.2,9515.0
708,鳳梨-其他,B0,107.07.26,26.1,14.1,台北一,109,20.2,20.2,6790.0
709,鳳梨-其他,B0,107.07.27,28.0,17.6,台北一,109,22.6,22.4,5244.0
710,鳳梨-其他,B0,107.07.28,32.2,19.5,台北一,109,25.9,25.9,6194.0
711,鳳梨-其他,B0,107.07.29,30.9,18.8,台北一,109,23.1,21.9,5398.0
712,鳳梨-其他,B0,107.07.31,29.7,18.9,台北一,109,24.8,25.1,7747.0
713,鳳梨-其他,B0,107.08.01,26.1,15.6,台北一,109,21.8,22.5,6852.0
714,鳳梨-其他,B0,107.08.02,28.2,16.3,台北一,109,23.7,24.6,6252.0
715,鳳梨-其他,B0,107.08.03,25.9,15.1,台北一,109,20.9,21.2,4110.0
716,鳳梨-其他,B0,107.08.04,27.1,16.9,台北一,109,19.9,18.6,3635.0
717,鳳梨-其他,B0,107.08.05,25.2,15.1,台北一,109,19.0,18.3,2642.0
718,鳳梨-其他,B0,107.08.07,29.0,15.2,台北一,109,21.8,21.6,1882.0
719,鳳梨-其他,B0,107.08.08,30.6,7.3,台北一,109,18.6,18.4,2038.0
720,鳳梨-其他,B0,107.08.09,22.5,11.2,台北一,109,17.4,17.7,4307.0
721,鳳梨-其他,B0,107.08.10,21.4,9.6,台北一,109,14.8,14.3,3455.0
722,鳳梨-其他,B0,107.08.11,39.7,8.0,台北一,109,17.6,13.4,184.0
723,鳳梨-其他,B0,107.08.12,35.0,17.5,台北一,109,31.1,34.4,111.0
724,鳳梨-其他,B0,107.08.14,27.7,14.4,台北一,109,20.7,20.5,1618.0
725,鳳梨-其他,B0,107.08.15,36.0,32.0,台北一,109,33.5,33.2,43.0
726,鳳梨-其他,B0,107.08.16,33.0,30.0,台北一,109,31.1,30.9,43.0
727,鳳梨-其他,B0,107.08.17,30.4,15.0,台北一,109,19.4,17.3,1034.0
728,鳳梨-其他,B0,107.08.18,20.0,20.0,台北一,109,20.0,20.0,330.0
729,鳳梨-其他,B0,107.08.19,20.0,20.0,台北一,109,20.0,20.0,242.0
730,鳳梨-其他,B0,107.08.21,20.0,20.0,台北一,109,20.0,20.0,880.0
731,鳳梨-其他,B0,107.08.22,25.0,15.0,台北一,109,19.5,19.2,1804.0
732,鳳梨-其他,B0,107.08.23,7.0,7.0,台北一,109,7.0,7.0,113.0
733,鳳梨-其他,B0,107.08.24,20.0,20.0,台北一,109,20.0,20.0,616.0
734,鳳梨-其他,B0,107.08.28,26.4,15.0,台北一,109,20.3,20.0,2206.0
735,鳳梨-其他,B0,107.08.29,28.0,12.6,台北一,109,20.9,21.2,1464.0
736,鳳梨-其他,B0,107.08.30,21.4,14.0,台北一,109,15.8,14.6,1179.0
737,鳳梨-其他,B0,107.08.31,17.0,11.0,台北一,109,13.0,12.3,2412.0
738,鳳梨-其他,B0,107.09.01,21.8,10.0,台北一,109,13.1,11.2,3027.0
739,鳳梨-其他,B0,107.09.02,10.0,10.0,台北一,109,10.0,10.0,1407.0
740,鳳梨-其他,B0,107.09.04,10.0,8.0,台北一,109,9.3,9.4,2399.0
741,鳳梨-其他,B0,107.09.06,17.0,17.0,台北一,109,17.0,17.0,120.0
742,鳳梨-其他,B0,107.09.07,28.0,17.4,台北一,109,24.8,26.2,507.0
743,鳳梨-其他,B0,107.09.08,19.4,10.5,台北一,109,14.5,14.2,1117.0
744,鳳梨-其他,B0,107.09.09,11.0,11.0,台北一,109,11.0,11.0,238.0
745,鳳梨-其他,B0,107.09.11,28.0,28.0,台北一,109,28.0,28.0,350.0
746,鳳梨-其他,B0,107.09.13,19.3,13.2,台北一,109,15.5,15.0,287.0
747,鳳梨-其他,B0,107.09.15,25.0,10.4,台北一,109,17.6,17.6,699.0
748,鳳梨-其他,B0,107.09.16,20.0,15.2,台北一,109,19.0,20.0,93.0
749,鳳梨-其他,B0,107.09.18,20.4,12.5,台北一,109,17.3,17.9,1462.0
750,鳳梨-其他,B0,107.09.19,16.1,10.0,台北一,109,12.0,11.3,1126.0
751,鳳梨-其他,B0,107.09.20,17.9,10.0,台北一,109,12.8,12.0,2167.0
752,鳳梨-其他,B0,107.09.21,14.5,10.0,台北一,109,11.2,10.5,2567.0
753,鳳梨-其他,B0,107.09.22,11.9,8.0,台北一,109,9.1,8.5,2561.0
754,鳳梨-其他,B0,107.09.23,12.6,7.7,台北一,109,10.4,10.5,1165.0
755,鳳梨-其他,B0,107.09.24,16.0,12.0,台北一,109,13.9,13.8,113.0
756,鳳梨-其他,B0,107.09.27,12.0,10.0,台北一,109,10.5,10.2,130.0
757,鳳梨-其他,B0,107.09.28,12.0,10.0,台北一,109,10.7,10.4,461.0
758,鳳梨-其他,B0,107.09.29,21.5,9.8,台北一,109,12.9,11.1,1713.0
759,鳳梨-其他,B0,107.09.30,16.1,8.0,台北一,109,11.1,10.4,2257.0
760,鳳梨-其他,B0,107.10.02,13.9,8.6,台北一,109,10.9,10.8,1533.0
761,鳳梨-其他,B0,107.10.03,13.0,9.8,台北一,109,11.2,11.1,564.0
762,鳳梨-其他,B0,107.10.04,10.0,8.0,台北一,109,9.1,9.2,1164.0
763,鳳梨-其他,B0,107.10.05,8.9,7.0,台北一,109,7.4,7.0,745.0
764,鳳梨-其他,B0,107.10.06,12.2,6.4,台北一,109,9.4,9.4,1825.0
765,鳳梨-其他,B0,107.10.07,13.0,8.0,台北一,109,9.6,9.0,1138.0
766,鳳梨-其他,B0,107.10.09,12.9,10.1,台北一,109,11.5,11.6,3415.0
767,鳳梨-其他,B0,107.10.10,13.0,6.0,台北一,109,8.2,7.4,4701.0
768,鳳梨-其他,B0,107.10.11,13.0,6.2,台北一,109,11.3,12.5,534.0
769,鳳梨-其他,B0,107.10.12,18.0,15.0,台北一,109,16.8,16.9,565.0
770,鳳梨-其他,B0,107.10.13,12.3,6.0,台北一,109,9.9,10.3,517.0
771,鳳梨-其他,B0,107.10.14,12.4,5.0,台北一,109,10.1,11.0,1015.0
772,鳳梨-其他,B0,107.10.16,11.9,7.9,台北一,109,10.0,10.0,1994.0
773,鳳梨-其他,B0,107.10.17,14.4,10.0,台北一,109,11.3,10.6,824.0
774,鳳梨-其他,B0,107.10.18,13.6,10.0,台北一,109,11.4,11.2,1449.0
775,鳳梨-其他,B0,107.10.19,15.0,8.0,台北一,109,11.6,11.7,1514.0
776,鳳梨-其他,B0,107.10.20,13.2,8.0,台北一,109,10.8,11.0,1872.0
777,鳳梨-其他,B0,107.10.21,10.0,10.0,台北一,109,10.0,10.0,1445.0
778,鳳梨-其他,B0,107.10.23,15.0,11.1,台北一,109,14.2,15.0,413.0
779,鳳梨-其他,B0,107.10.24,15.0,15.0,台北一,109,15.0,15.0,476.0
780,鳳梨-其他,B0,107.10.25,17.0,15.0,台北一,109,16.0,16.0,416.0
781,鳳梨-其他,B0,107.10.26,13.0,12.2,台北一,109,12.8,13.0,758.0
782,鳳梨-其他,B0,107.10.27,15.0,12.5,台北一,109,14.5,15.0,661.0
783,鳳梨-其他,B0,107.10.28,15.5,13.0,台北一,109,14.5,14.7,1559.0
784,鳳梨-其他,B0,107.10.30,15.4,12.8,台北一,109,14.1,14.0,1571.0
785,鳳梨-其他,B0,107.10.31,16.0,13.2,台北一,109,15.2,15.7,1310.0
786,鳳梨-其他,B0,107.11.01,18.0,14.0,台北一,109,17.2,18.0,790.0
787,鳳梨-其他,B0,107.11.02,18.0,12.3,台北一,109,15.3,15.5,1367.0
788,鳳梨-其他,B0,107.11.03,16.5,14.3,台北一,109,15.2,15.0,1258.0
789,鳳梨-其他,B0,107.11.04,17.0,16.0,台北一,109,16.7,16.9,944.0
790,鳳梨-其他,B0,107.11.06,18.2,17.0,台北一,109,17.6,17.6,1595.0
791,鳳梨-其他,B0,107.11.07,20.0,16.0,台北一,109,18.7,19.1,1053.0
792,鳳梨-其他,B0,107.11.08,15.5,8.4,台北一,109,12.8,13.4,1206.0
793,鳳梨-其他,B0,107.11.09,15.0,12.6,台北一,109,13.4,13.1,685.0
794,鳳梨-其他,B0,107.11.13,13.0,13.0,台北一,109,13.0,13.0,360.0
795,鳳梨-其他,B0,107.11.14,15.0,5.0,台北一,109,11.5,12.5,719.0
796,鳳梨-其他,B0,107.11.15,15.0,15.0,台北一,109,15.0,15.0,991.0
797,鳳梨-其他,B0,107.11.16,12.0,5.0,台北一,109,8.0,7.6,504.0
798,鳳梨-其他,B0,107.11.18,15.0,12.4,台北一,109,13.3,13.0,912.0
799,鳳梨-其他,B0,107.11.20,17.0,10.0,台北一,109,15.5,16.8,578.0
800,鳳梨-其他,B0,107.11.21,17.0,17.0,台北一,109,17.0,17.0,540.0
801,鳳梨-其他,B0,107.11.22,15.9,11.3,台北一,109,13.8,13.8,1696.0
802,鳳梨-其他,B0,107.11.23,15.0,13.9,台北一,109,14.8,15.0,1315.0
803,鳳梨-其他,B0,107.11.25,17.1,8.0,台北一,109,12.8,13.0,1369.0
804,鳳梨-其他,B0,107.11.28,15.9,9.4,台北一,109,11.1,10.0,676.0
805,鳳梨-其他,B0,107.12.05,15.0,10.0,台北一,109,13.3,13.8,416.0
806,鳳梨-其他,B0,107.12.06,10.0,8.0,台北一,109,9.2,9.4,172.0
807,鳳梨-其他,B0,107.12.07,8.0,8.0,台北一,109,8.0,8.0,24.0
808,鳳梨-其他,B0,107.12.08,15.0,15.0,台北一,109,15.0,15.0,54.0
809,鳳梨-其他,B0,107.12.11,13.0,12.0,台北一,109,12.5,12.5,112.0
810,鳳梨-其他,B0,107.12.12,17.0,12.4,台北一,109,14.8,14.8,330.0
811,鳳梨-其他,B0,107.12.13,5.2,5.0,台北一,109,5.0,5.0,1254.0
812,鳳梨-其他,B0,107.12.15,15.0,6.4,台北一,109,10.2,9.8,364.0
813,鳳梨-其他,B0,107.12.16,9.0,5.4,台北一,109,8.3,9.0,275.0
814,鳳梨-其他,B0,107.12.18,10.0,5.0,台北一,109,8.3,8.8,184.0
815,鳳梨-其他,B0,107.12.19,15.0,15.0,台北一,109,15.0,15.0,82.0
816,鳳梨-其他,B0,107.12.20,5.8,5.0,台北一,109,5.2,5.0,1239.0
817,鳳梨-其他,B0,107.12.21,12.0,12.0,台北一,109,12.0,12.0,54.0
818,鳳梨-其他,B0,108.01.01,12.0,12.0,台北一,109,12.0,12.0,54.0
819,鳳梨-其他,B0,108.01.03,5.0,5.0,台北一,109,5.0,5.0,120.0
820,鳳梨-其他,B0,108.01.04,15.0,15.0,台北一,109,15.0,15.0,108.0
821,鳳梨-其他,B0,108.01.05,25.0,12.0,台北一,109,15.4,13.4,244.0
822,鳳梨-其他,B0,108.01.06,17.0,17.0,台北一,109,17.0,17.0,292.0
823,鳳梨-其他,B0,108.01.09,26.0,26.0,台北一,109,26.0,26.0,330.0
824,鳳梨-其他,B0,108.01.10,15.0,15.0,台北一,109,15.0,15.0,60.0
825,鳳梨-其他,B0,108.01.11,12.0,12.0,台北一,109,12.0,12.0,54.0
826,鳳梨-其他,B0,108.01.12,28.0,13.5,台北一,109,25.1,28.0,440.0
827,鳳梨-其他,B0,108.01.13,5.0,5.0,台北一,109,5.0,5.0,240.0
828,鳳梨-其他,B0,108.01.16,12.0,12.0,台北一,109,12.0,12.0,104.0
829,鳳梨-其他,B0,108.01.19,10.0,10.0,台北一,109,10.0,10.0,87.0
830,鳳梨-其他,B0,108.01.20,8.0,8.0,台北一,109,8.0,8.0,390.0
831,鳳梨-其他,B0,108.01.31,12.0,10.0,台北一,109,10.9,10.8,145.0
832,鳳梨-其他,B0,108.02.01,10.0,10.0,台北一,109,10.0,10.0,487.0
833,鳳梨-其他,B0,108.02.02,22.0,22.0,台北一,109,22.0,22.0,612.0
